/*
SQLyog 企业版 - MySQL GUI v8.14 
MySQL - 5.5.48 : Database - mybatis
*********************************************************************
*/

/*!40101 SET NAMES utf8 */;

/*!40101 SET SQL_MODE=''*/;

/*!40014 SET @OLD_UNIQUE_CHECKS=@@UNIQUE_CHECKS, UNIQUE_CHECKS=0 */;
/*!40014 SET @OLD_FOREIGN_KEY_CHECKS=@@FOREIGN_KEY_CHECKS, FOREIGN_KEY_CHECKS=0 */;
/*!40101 SET @OLD_SQL_MODE=@@SQL_MODE, SQL_MODE='NO_AUTO_VALUE_ON_ZERO' */;
/*!40111 SET @OLD_SQL_NOTES=@@SQL_NOTES, SQL_NOTES=0 */;
CREATE DATABASE /*!32312 IF NOT EXISTS*/`mybatis` /*!40100 DEFAULT CHARACTER SET utf8 */;

USE `mybatis`;

/*Table structure for table `account` */

DROP TABLE IF EXISTS `account`;

CREATE TABLE `account` (
  `id` int(11) NOT NULL AUTO_INCREMENT,
  `username` varchar(50) NOT NULL,
  `balance` double NOT NULL,
  PRIMARY KEY (`id`)
) ENGINE=InnoDB AUTO_INCREMENT=7 DEFAULT CHARSET=utf8 COMMENT='账户表';

/*Data for the table `account` */

insert  into `account`(`id`,`username`,`balance`) values (1,'Joy',1000),(2,'Tom',1000),(3,'Jack',1000),(4,'Rose',1000),(6,'张大',1000);

/*Table structure for table `bird` */

DROP TABLE IF EXISTS `bird`;

CREATE TABLE `bird` (
  `id` int(11) NOT NULL AUTO_INCREMENT,
  `type` varchar(50) NOT NULL,
  PRIMARY KEY (`id`)
) ENGINE=InnoDB AUTO_INCREMENT=96 DEFAULT CHARSET=utf8;

/*Data for the table `bird` */

insert  into `bird`(`id`,`type`) values (1,'乌鸡'),(2,'乌鸡'),(3,'乌鸦'),(4,'凤凰'),(5,'凤凰'),(6,'乌鸦'),(7,'乌鸡'),(8,'凤凰'),(9,'乌鸦'),(10,'乌鸡'),(11,'凤凰'),(12,'乌鸦'),(13,'乌鸡'),(14,'凤凰'),(15,'乌鸦'),(16,'乌鸡'),(17,'凤凰'),(18,'乌鸦'),(19,'乌鸡'),(20,'凤凰'),(21,'乌鸦'),(22,'乌鸡'),(23,'凤凰'),(24,'乌鸦'),(25,'乌鸡'),(26,'凤凰'),(27,'乌鸦'),(28,'乌鸡'),(29,'凤凰'),(30,'乌鸦'),(31,'乌鸡'),(32,'凤凰'),(33,'乌鸦'),(34,'乌鸡'),(35,'凤凰'),(36,'乌鸦'),(37,'乌鸡'),(38,'凤凰'),(39,'乌鸦'),(40,'乌鸡'),(41,'凤凰'),(42,'乌鸦'),(43,'乌鸡'),(44,'凤凰'),(45,'乌鸦'),(46,'乌鸡'),(47,'凤凰'),(48,'乌鸦'),(49,'乌鸡'),(50,'凤凰'),(51,'乌鸦'),(52,'乌鸡'),(53,'凤凰'),(54,'乌鸦'),(55,'乌鸡'),(56,'凤凰'),(57,'乌鸦'),(58,'乌鸡'),(59,'凤凰'),(60,'乌鸦'),(61,'乌鸡'),(62,'凤凰'),(63,'乌鸦'),(64,'乌鸡'),(65,'凤凰'),(66,'乌鸦'),(67,'乌鸡'),(68,'凤凰'),(69,'乌鸦'),(70,'乌鸡'),(71,'凤凰'),(72,'乌鸦'),(73,'乌鸡'),(74,'凤凰'),(75,'乌鸦'),(76,'乌鸡'),(77,'凤凰'),(78,'乌鸦'),(79,'乌鸡'),(80,'凤凰'),(81,'乌鸦'),(82,'乌鸡'),(83,'凤凰'),(84,'乌鸦'),(85,'乌鸡'),(86,'凤凰'),(87,'乌鸦'),(88,'乌鸡'),(89,'凤凰'),(90,'乌鸦'),(91,'乌鸡'),(92,'凤凰'),(93,'乌鸦'),(94,'乌鸡'),(95,'凤凰');

/*Table structure for table `jxjh1` */

DROP TABLE IF EXISTS `jxjh1`;

CREATE TABLE `jxjh1` (
  `序号` int(11) NOT NULL,
  `课程名称` varchar(25) DEFAULT NULL,
  `学分` varchar(12) DEFAULT NULL,
  `周学时` varchar(12) NOT NULL,
  `周数` varchar(12) NOT NULL,
  `总课时` varchar(12) NOT NULL,
  `课程分类` varchar(12) DEFAULT NULL,
  `考核方式` varchar(12) DEFAULT NULL,
  `开课学院` varchar(12) DEFAULT NULL,
  `开课班级` varchar(45) DEFAULT NULL,
  `合班情况` varchar(12) DEFAULT NULL,
  `上课人数` varchar(25) DEFAULT NULL,
  `上课教师` varchar(12) DEFAULT NULL,
  `课程负责人` varchar(12) DEFAULT NULL,
  `原教师` varchar(25) DEFAULT NULL,
  `是否外聘` varchar(25) DEFAULT NULL,
  `教室类型` varchar(45) DEFAULT NULL,
  `备注` varchar(45) DEFAULT NULL,
  `学期` varchar(45) DEFAULT NULL,
  `校区` varchar(12) DEFAULT NULL,
  UNIQUE KEY `序号` (`序号`),
  KEY `周学时_idx` (`周学时`),
  KEY `周数_idx` (`周数`),
  KEY `总课时_idx` (`总课时`)
) ENGINE=InnoDB DEFAULT CHARSET=utf8;

/*Data for the table `jxjh1` */

insert  into `jxjh1`(`序号`,`课程名称`,`学分`,`周学时`,`周数`,`总课时`,`课程分类`,`考核方式`,`开课学院`,`开课班级`,`合班情况`,`上课人数`,`上课教师`,`课程负责人`,`原教师`,`是否外聘`,`教室类型`,`备注`,`学期`,`校区`) values (1,'.NET框架技术','4','5','13','65','组选课-1','考试','计算机学院','2018级软件工程本科1-11',NULL,'23','蒋明奇','蒋明奇',NULL,NULL,'机房或云桌面',NULL,'2020-2021-2','南城'),(2,'.NET框架课程设计','4','20','4','80','专项实践课','考查','计算机学院','2018级软件工程本科1-11',NULL,'23','蒋明奇','蒋明奇',NULL,NULL,NULL,NULL,'2020-2021-2','南城'),(3,'After Effects','2','3','10','30','任选课','考查','计算机学院','2018级信息管理与信息系统本科1',NULL,'43','姚婷','姚婷',NULL,NULL,'机房或云桌面',NULL,'2020-2021-2','南城'),(4,'After Effects','2','3','10','30','任选课','考查','计算机学院','2018级信息管理与信息系统本科2',NULL,'40','姚婷','姚婷',NULL,NULL,'机房或云桌面',NULL,'2020-2021-2','南城'),(5,'ARM嵌入式系统结构','4','4','15','60','组选课-2','考试','计算机学院','2018级物联网工程本科1-4',NULL,'53','王玲维','崔康吉',NULL,NULL,'工1-203',NULL,'2020-2021-2','南城'),(6,'ARM嵌入式系统结构','4','4','17','68','组选课-1','考试','计算机学院','2018级物联网工程插本1',NULL,NULL,'蔡新举','崔康吉',NULL,NULL,'工1-203',NULL,'2020-2021-2','南城'),(7,'ARM嵌入式系统结构','4','4','17','68','组选课-1','考试','计算机学院','2018级物联网工程插本2',NULL,NULL,'蔡新举','崔康吉',NULL,NULL,'工1-203',NULL,'2020-2021-2','南城'),(8,'ARM嵌入式系统结构','4','4','15','60','组选课-2','考试','计算机学院','2018级智能物联创新班本科1',NULL,NULL,'崔康吉','崔康吉',NULL,NULL,'工1-203',NULL,'2020-2021-2','南城'),(9,'ARM嵌入式系统结构课程设计','2','20','2','40','专项实践课','考查','计算机学院','2018级智能物联创新班本科1',NULL,NULL,'崔康吉','崔康吉',NULL,NULL,NULL,NULL,'2020-2021-2','南城'),(10,'FPGA设计基础实践','2','20','2','40','专项实践课','考查','计算机学院','2018级物联网工程本科1-4',NULL,NULL,'单长虹','单长虹',NULL,NULL,NULL,NULL,'2020-2021-2','南城'),(11,'Hadoop大数据技术','2','3','11','33','任选课','考查','计算机学院','2018级软件工程本科1、9、10、11',NULL,'33+1+1+5','朱丽宇','朱丽宇',NULL,NULL,'机房或云桌面',NULL,'2020-2021-2','南城'),(12,'Hadoop大数据技术','2','3','11','33','任选课','考查','计算机学院','2018级软件工程本科2、3、6、7、8、2018级卓越软件工程师创新班Ⅱ本科1',NULL,'20+8+0+0+3+17','朱丽宇','朱丽宇',NULL,NULL,'机房或云桌面',NULL,'2020-2021-2','南城'),(13,'Hadoop大数据技术','2','3','11','33','任选课','考查','计算机学院','2018级软件工程本科4、5',NULL,'24+17','王阅','朱丽宇',NULL,NULL,'机房或云桌面',NULL,'2020-2021-2','南城'),(14,'Java EE框架技术','4','5','13','65','组选课-2','考试','计算机学院','2018级软件工程本科1',NULL,'27','张新伟','刘肃平',NULL,NULL,'机房或云桌面',NULL,'2020-2021-2','南城'),(15,'Java EE框架技术','4','5','13','65','组选课-2','考试','计算机学院','2018级软件工程本科10',NULL,'36','王阅','刘肃平',NULL,NULL,'机房或云桌面',NULL,'2020-2021-2','南城'),(16,'Java EE框架技术','4','5','13','65','组选课-2','考试','计算机学院','2018级软件工程本科11',NULL,'39','王阅','刘肃平',NULL,NULL,'机房或云桌面',NULL,'2020-2021-2','南城'),(17,'Java EE框架技术','4','5','13','65','组选课-2','考试','计算机学院','2018级软件工程本科2',NULL,'30','张新伟','刘肃平',NULL,NULL,'机房或云桌面',NULL,'2020-2021-2','南城'),(18,'Java EE框架技术','4','5','13','65','组选课-2','考试','计算机学院','2018级软件工程本科3',NULL,'28','张新伟','刘肃平',NULL,NULL,'机房或云桌面',NULL,'2020-2021-2','南城'),(19,'Java EE框架技术','4','5','13','65','组选课-2','考试','计算机学院','2018级软件工程本科4',NULL,'40','孟雨','刘肃平',NULL,NULL,'机房或云桌面',NULL,'2020-2021-2','南城'),(20,'Java EE框架技术','4','5','13','65','组选课-2','考试','计算机学院','2018级软件工程本科5',NULL,'34','孟雨','刘肃平',NULL,NULL,'机房或云桌面',NULL,'2020-2021-2','南城'),(21,'Java EE框架技术','4','5','13','65','组选课-2','考试','计算机学院','2018级软件工程本科6',NULL,'30','刘肃平','刘肃平',NULL,NULL,'机房或云桌面',NULL,'2020-2021-2','南城'),(22,'Java EE框架技术','4','5','13','65','组选课-2','考试','计算机学院','2018级软件工程本科7',NULL,'40','魏星','刘肃平',NULL,NULL,'机房或云桌面',NULL,'2020-2021-2','南城'),(23,'Java EE框架技术','4','5','13','65','组选课-2','考试','计算机学院','2018级软件工程本科8',NULL,'38','魏星','刘肃平',NULL,NULL,'机房或云桌面',NULL,'2020-2021-2','南城'),(24,'Java EE框架技术','4','5','13','65','组选课-2','考试','计算机学院','2018级软件工程本科9',NULL,'27','魏星','刘肃平',NULL,NULL,'机房或云桌面',NULL,'2020-2021-2','南城'),(25,'Java EE框架技术','4','5','13','65','组选课-1','考试','计算机学院','2018级卓越软件工程师创新班Ⅱ本科1',NULL,NULL,'刘肃平','刘肃平',NULL,NULL,'机房或云桌面',NULL,'2020-2021-2','南城'),(26,'Java EE框架课程设计','4','20','4','80','专项实践课','考查','计算机学院','2018级软件工程本科1',NULL,NULL,'张新伟','刘肃平',NULL,NULL,NULL,NULL,'2020-2021-2','南城'),(27,'Java EE框架课程设计','4','20','4','80','专项实践课','考查','计算机学院','2018级软件工程本科10',NULL,NULL,'王阅','刘肃平',NULL,NULL,NULL,NULL,'2020-2021-2','南城'),(28,'Java EE框架课程设计','4','20','4','80','专项实践课','考查','计算机学院','2018级软件工程本科11',NULL,NULL,'陈云贵','刘肃平',NULL,NULL,NULL,NULL,'2020-2021-2','南城'),(29,'Java EE框架课程设计','4','20','4','80','专项实践课','考查','计算机学院','2018级软件工程本科2',NULL,NULL,'聂军','刘肃平',NULL,NULL,NULL,NULL,'2020-2021-2','南城'),(30,'Java EE框架课程设计','4','20','4','80','专项实践课','考查','计算机学院','2018级软件工程本科3',NULL,NULL,'王忠建','刘肃平',NULL,NULL,NULL,NULL,'2020-2021-2','南城'),(31,'Java EE框架课程设计','4','20','4','80','专项实践课','考查','计算机学院','2018级软件工程本科4',NULL,NULL,'孟雨','刘肃平',NULL,NULL,NULL,NULL,'2020-2021-2','南城'),(32,'Java EE框架课程设计','4','20','4','80','专项实践课','考查','计算机学院','2018级软件工程本科5',NULL,NULL,'姜荣正','刘肃平',NULL,NULL,NULL,NULL,'2020-2021-2','南城'),(33,'Java EE框架课程设计','4','20','4','80','专项实践课','考查','计算机学院','2018级软件工程本科6',NULL,NULL,'李玉坤','刘肃平',NULL,NULL,NULL,NULL,'2020-2021-2','南城'),(34,'Java EE框架课程设计','4','20','4','80','专项实践课','考查','计算机学院','2018级软件工程本科7',NULL,NULL,'王荣福','刘肃平',NULL,NULL,NULL,NULL,'2020-2021-2','南城'),(35,'Java EE框架课程设计','4','20','4','80','专项实践课','考查','计算机学院','2018级软件工程本科8',NULL,NULL,'宁芬','刘肃平',NULL,NULL,NULL,NULL,'2020-2021-2','南城'),(36,'Java EE框架课程设计','4','20','4','80','专项实践课','考查','计算机学院','2018级软件工程本科9',NULL,NULL,'邱彩华','刘肃平',NULL,NULL,NULL,NULL,'2020-2021-2','南城'),(37,'Java EE框架课程设计','4','20','4','80','专项实践课','考查','计算机学院','2018级卓越软件工程师创新班Ⅱ本科1',NULL,NULL,'刘肃平','刘肃平',NULL,NULL,NULL,NULL,'2020-2021-2','南城'),(38,'linux服务器运维','2','3','10','30','任选课','考查','计算机学院','2018级信息管理与信息系统本科1-2',NULL,'18+37','姚婷','姚婷',NULL,NULL,'机房或云桌面',NULL,'2020-2021-2','南城'),(39,'Linux进阶教程','2.5','4','11','44','专业必修课','考试','计算机学院','2018级Oracles数据创新班本科1',NULL,NULL,'姜荣正','姜荣正',NULL,NULL,'机房或云桌面',NULL,'2020-2021-2','南城'),(40,'Linux课程设计','1','20','1','20','专项实践课','考查','计算机学院','2018级软件工程本科1',NULL,NULL,'王意','李福琳',NULL,NULL,NULL,NULL,'2020-2021-2','南城'),(41,'Linux课程设计','1','20','1','20','专项实践课','考查','计算机学院','2018级软件工程本科10',NULL,NULL,'朱丽宇','李福琳',NULL,NULL,NULL,NULL,'2020-2021-2','南城'),(42,'Linux课程设计','1','20','1','20','专项实践课','考查','计算机学院','2018级软件工程本科11',NULL,NULL,'朱丽宇','李福琳',NULL,NULL,NULL,NULL,'2020-2021-2','南城'),(43,'Linux课程设计','1','20','1','20','专项实践课','考查','计算机学院','2018级软件工程本科2',NULL,NULL,'李福琳','李福琳',NULL,NULL,NULL,NULL,'2020-2021-2','南城'),(44,'Linux课程设计','1','20','1','20','专项实践课','考查','计算机学院','2018级软件工程本科3',NULL,NULL,'马海菲','李福琳',NULL,NULL,NULL,NULL,'2020-2021-2','南城'),(45,'Linux课程设计','1','20','1','20','专项实践课','考查','计算机学院','2018级软件工程本科4',NULL,NULL,'陈宗泽','李福琳',NULL,NULL,NULL,NULL,'2020-2021-2','南城'),(46,'Linux课程设计','1','20','1','20','专项实践课','考查','计算机学院','2018级软件工程本科5',NULL,NULL,'陈宗泽','李福琳',NULL,NULL,NULL,NULL,'2020-2021-2','南城'),(47,'Linux课程设计','1','20','1','20','专项实践课','考查','计算机学院','2018级软件工程本科6',NULL,NULL,'陈宗泽','李福琳',NULL,NULL,NULL,NULL,'2020-2021-2','南城'),(48,'Linux课程设计','1','20','1','20','专项实践课','考查','计算机学院','2018级软件工程本科7',NULL,NULL,'王意','李福琳',NULL,NULL,NULL,NULL,'2020-2021-2','南城'),(49,'Linux课程设计','1','20','1','20','专项实践课','考查','计算机学院','2018级软件工程本科8',NULL,NULL,'王意','李福琳',NULL,NULL,NULL,NULL,'2020-2021-2','南城'),(50,'Linux课程设计','1','20','1','20','专项实践课','考查','计算机学院','2018级软件工程本科9',NULL,NULL,'王华','李福琳',NULL,NULL,NULL,NULL,'2020-2021-2','南城'),(51,'Linux课程设计','1','20','1','20','专项实践课','考查','计算机学院','2018级卓越软件工程师创新班Ⅱ本科1',NULL,NULL,'李福琳','李福琳',NULL,NULL,NULL,NULL,'2020-2021-2','南城'),(52,'Linux原理及应用','4','5','14','70','专业必修课','考试','计算机学院','2018级“华为”网络工程师创新班本科1',NULL,NULL,'徐逸轩','徐逸轩',NULL,NULL,'机房或云桌面',NULL,'2020-2021-2','南城'),(53,'Linux原理及应用','4','4','14','56','专业必修课','考试','计算机学院','2018级网络工程本科1',NULL,'30','徐逸轩','宁芬',NULL,NULL,'机房或云桌面',NULL,'2020-2021-2','南城'),(54,'Linux原理及应用','4','4','14','56','专业必修课','考试','计算机学院','2018级网络工程本科2',NULL,'37','宁芬','宁芬',NULL,NULL,'机房或云桌面',NULL,'2020-2021-2','南城'),(55,'Linux原理及应用','4','4','14','56','专业必修课','考试','计算机学院','2018级网络工程本科3',NULL,'26','宁芬','宁芬',NULL,NULL,'机房或云桌面',NULL,'2020-2021-2','南城'),(56,'Linux原理及应用','4','4','14','56','专业必修课','考试','计算机学院','2018级网络工程本科4',NULL,'31','宁芬','宁芬',NULL,NULL,'机房或云桌面',NULL,'2020-2021-2','南城'),(57,'Linux原理及应用','4','5','14','70','专业必修课','考试','计算机学院','2018级网络工程插本1',NULL,NULL,'麦惠强','徐逸轩',NULL,NULL,'机房或云桌面',NULL,'2020-2021-2','南城'),(58,'Linux原理及应用','4','5','14','70','专业必修课','考试','计算机学院','2018级网络工程插本2',NULL,NULL,'徐逸轩','徐逸轩',NULL,NULL,'机房或云桌面',NULL,'2020-2021-2','南城'),(59,'Linux原理及应用课程设计','2','20','2','40','专项实践课','考查','计算机学院','2018级“华为”网络工程师创新班本科1',NULL,NULL,'麦惠强','徐逸轩',NULL,NULL,NULL,NULL,'2020-2021-2','南城'),(60,'Linux原理及应用课程设计','2','20','2','40','专项实践课','考查','计算机学院','2018级网络工程本科1',NULL,NULL,'马海菲','徐逸轩',NULL,NULL,NULL,NULL,'2020-2021-2','南城'),(61,'Linux原理及应用课程设计','2','20','2','40','专项实践课','考查','计算机学院','2018级网络工程本科2',NULL,NULL,'王华','徐逸轩',NULL,NULL,NULL,NULL,'2020-2021-2','南城'),(62,'Linux原理及应用课程设计','2','20','2','40','专项实践课','考查','计算机学院','2018级网络工程本科3',NULL,NULL,'朱丽宇','徐逸轩',NULL,NULL,NULL,NULL,'2020-2021-2','南城'),(63,'Linux原理及应用课程设计','2','20','2','40','专项实践课','考查','计算机学院','2018级网络工程本科4',NULL,NULL,'徐娟娟','徐逸轩',NULL,NULL,NULL,NULL,'2020-2021-2','南城'),(64,'Linux原理及应用课程设计','2','20','2','40','专项实践课','考查','计算机学院','2018级网络工程插本1',NULL,NULL,'徐逸轩','徐逸轩',NULL,NULL,NULL,NULL,'2020-2021-2','南城'),(65,'Linux原理及应用课程设计','2','20','2','40','专项实践课','考查','计算机学院','2018级网络工程插本2',NULL,NULL,'徐逸轩','徐逸轩',NULL,NULL,NULL,NULL,'2020-2021-2','南城'),(66,'Linux原理与应用','3','4','13','52','专业必修课','考试','计算机学院','2018级软件工程本科1',NULL,'34','王意','李福琳',NULL,NULL,'机房或云桌面',NULL,'2020-2021-2','南城'),(67,'Linux原理与应用','3','4','13','52','专业必修课','考试','计算机学院','2018级软件工程本科10',NULL,NULL,'朱丽宇','李福琳',NULL,NULL,'机房或云桌面',NULL,'2020-2021-2','南城'),(68,'Linux原理与应用','3','4','13','52','专业必修课','考试','计算机学院','2018级软件工程本科11',NULL,'37','朱丽宇','李福琳',NULL,NULL,'机房或云桌面',NULL,'2020-2021-2','南城'),(69,'Linux原理与应用','3','4','13','52','专业必修课','考试','计算机学院','2018级软件工程本科2',NULL,'35','李福琳','李福琳',NULL,NULL,'机房或云桌面',NULL,'2020-2021-2','南城'),(70,'Linux原理与应用','3','4','13','52','专业必修课','考试','计算机学院','2018级软件工程本科3',NULL,'39','李福琳','李福琳',NULL,NULL,'机房或云桌面',NULL,'2020-2021-2','南城'),(71,'Linux原理与应用','3','4','13','52','专业必修课','考试','计算机学院','2018级软件工程本科4',NULL,NULL,'李玉坤','李福琳',NULL,NULL,'机房或云桌面',NULL,'2020-2021-2','南城'),(72,'Linux原理与应用','3','4','13','52','专业必修课','考试','计算机学院','2018级软件工程本科5',NULL,'37','李玉坤','李福琳',NULL,NULL,'机房或云桌面',NULL,'2020-2021-2','南城'),(73,'Linux原理与应用','3','4','13','52','专业必修课','考试','计算机学院','2018级软件工程本科6',NULL,NULL,'李玉坤','李福琳',NULL,NULL,'机房或云桌面',NULL,'2020-2021-2','南城'),(74,'Linux原理与应用','3','4','13','52','专业必修课','考试','计算机学院','2018级软件工程本科7',NULL,NULL,'王意','李福琳',NULL,NULL,'机房或云桌面',NULL,'2020-2021-2','南城'),(75,'Linux原理与应用','3','4','13','52','专业必修课','考试','计算机学院','2018级软件工程本科8',NULL,NULL,'王意','李福琳',NULL,NULL,'机房或云桌面',NULL,'2020-2021-2','南城'),(76,'Linux原理与应用','3','4','13','52','专业必修课','考试','计算机学院','2018级软件工程本科9',NULL,'34','李福琳','李福琳',NULL,NULL,'机房或云桌面',NULL,'2020-2021-2','南城'),(77,'Linux原理与应用','3','4','12','48','专业必修课','考试','计算机学院','2018级卓越软件工程师创新班Ⅱ本科1',NULL,NULL,'李福琳','李福琳',NULL,NULL,'机房或云桌面',NULL,'2020-2021-2','南城'),(78,'Oracle备份恢复与系统调优','4','6','11','66','组选课-1','考试','计算机学院','2018级Oracles数据创新班本科1',NULL,NULL,'龚澍','龚澍',NULL,NULL,'机房或云桌面',NULL,'2020-2021-2','南城'),(79,'Oracle备份恢复与系统调优','4','5','11','55','组选课-1','考试','计算机学院','2018级信息管理与信息系统本科1-2',NULL,'4+21','龚澍','龚澍',NULL,NULL,'机房或云桌面',NULL,'2020-2021-2','南城'),(80,'Oracle备份恢复与系统调优课程综合设计','4','20','4','80','专项实践课','考查','计算机学院','2018级Oracles数据创新班本科1',NULL,NULL,'龚澍','龚澍',NULL,NULL,NULL,NULL,'2020-2021-2','南城'),(81,'Oracle备份恢复与系统调优课程综合设计','4','20','4','80','专项实践课','考查','计算机学院','2018级信息管理与信息系统本科1',NULL,'4+21','姚婷','龚澍',NULL,NULL,NULL,NULL,'2020-2021-2','南城'),(82,'PHP程序设计','2','2','16','32','任选课','考查','计算机学院','2018级物联网工程插本1',NULL,NULL,'兼职教师徐健','兼职教师徐健',NULL,NULL,'机房或云桌面',NULL,'2020-2021-2','南城'),(83,'PHP程序设计','2','2','16','32','任选课','考查','计算机学院','2018级物联网工程插本2',NULL,NULL,'兼职教师徐健','兼职教师徐健',NULL,NULL,'机房或云桌面',NULL,'2020-2021-2','南城'),(84,'PHP应用开发','4','5','13','65','组选课-3','考试','计算机学院','2018级软件工程本科1-11',NULL,'34','曾敏','曾敏',NULL,NULL,'机房或云桌面',NULL,'2020-2021-2','南城'),(85,'PHP应用开发课程设计','4','20','4','80','专项实践课','考查','计算机学院','2018级软件工程本科1-11',NULL,'34','曾敏','曾敏',NULL,NULL,NULL,NULL,'2020-2021-2','南城'),(86,'Python程序设计','3.5','5','11','55','专业必修课','考试','计算机学院','2018级Oracles数据创新班本科1',NULL,NULL,'凌风如','凌风如',NULL,NULL,'机房或云桌面',NULL,'2020-2021-2','南城'),(87,'Python程序设计','2','2','13','26','任选课','考查','计算机学院','2018级电子信息工程插本1',NULL,NULL,'凌风如','凌风如',NULL,NULL,'机房或云桌面',NULL,'2020-2021-2','南城'),(88,'Python程序设计','2','2','14','28','任选课','考查','计算机学院','2018级卓越软件工程师创新班本科1',NULL,NULL,'凌风如','凌风如',NULL,NULL,'机房或云桌面',NULL,'2020-2021-2','南城'),(89,'Python课程设计','3','20','3','60','专项实践课','考查','计算机学院','2018级Oracles数据创新班本科1',NULL,NULL,'汤清龙','汤清龙',NULL,NULL,NULL,NULL,'2020-2021-2','南城'),(90,'RFID原理与应用','3','3','17','51','专业必修课','考试','计算机学院','2018级物联网工程插本1',NULL,NULL,'王荣福','王荣福',NULL,NULL,'工1-202',NULL,'2020-2021-2','南城'),(91,'RFID原理与应用','3','3','17','51','专业必修课','考试','计算机学院','2018级物联网工程插本2',NULL,NULL,'王荣福','王荣福',NULL,NULL,'工1-202',NULL,'2020-2021-2','南城'),(92,'R语言与数据分析','2','3','11','33','任选课','考查','计算机学院','2018级数据科学与大数据技术本科（1、2合成的新的1班）、4班',NULL,'13+15+11','曾阿凡','曾阿凡',NULL,NULL,'机房或云桌面',NULL,'2020-2021-2','南城'),(93,'R语言与数据分析','2','3','11','33','任选课','考查','计算机学院','2018级数据科学与大数据技术本科3、2018级图灵创新班本科1',NULL,'40','曾阿凡','曾阿凡',NULL,NULL,'机房或云桌面',NULL,'2020-2021-2','南城'),(94,'WEB综合应用开发','2','3','11','33','任选课','考查','计算机学院','2018级网络工程本科1-4、2018级“华为”网络工程师创新班本科1',NULL,'3+5+0+19','陈云贵','陈云贵',NULL,NULL,'机房或云桌面',NULL,'2020-2021-2','南城'),(95,'WEB综合应用开发','2','3','11','33','任选课','考查','计算机学院','2018级网络工程插本1',NULL,NULL,'陈云贵','陈云贵',NULL,NULL,'机房或云桌面',NULL,'2020-2021-2','南城'),(96,'WEB综合应用开发','2','3','11','33','任选课','考查','计算机学院','2018级网络工程插本2',NULL,NULL,'陈云贵','陈云贵',NULL,NULL,'机房或云桌面',NULL,'2020-2021-2','南城'),(97,'查询分析计算','4','5','13','65','组选课-2','考试','计算机学院','2018级数据科学与大数据技术本科1-4',NULL,'2+9+5+14','汤清龙','汤清龙',NULL,NULL,'机房或云桌面',NULL,'2020-2021-2','南城'),(98,'查询分析计算课程设计','3','20','3','60','专项实践课','考查','计算机学院','2018级数据科学与大数据技术本科1-4',NULL,'2+9+5+14','汤清龙','汤清龙',NULL,NULL,NULL,NULL,'2020-2021-2','南城'),(99,'大数据分析','3','3','16','48','组选课-2','考试','计算机学院','2018级财务管理本科1、2',NULL,'20+25','兼职教师杨波','姜荣正',NULL,NULL,'机房或云桌面',NULL,'2020-2021-2','南城'),(100,'大数据分析','3','3','16','48','组选课-2','考试','计算机学院','2018级财务管理本科3、4、5',NULL,'11+15+18','兼职教师杨波','姜荣正',NULL,NULL,'机房或云桌面',NULL,'2020-2021-2','南城'),(101,'大数据分析','3','3','16','48','组选课-2','考试','计算机学院','2018级财务管理插本1',NULL,NULL,'姜荣正','姜荣正',NULL,NULL,'机房或云桌面',NULL,'2020-2021-2','南城'),(102,'大数据分析','3','3','16','48','组选课-2','考试','计算机学院','2018级财务管理插本2',NULL,NULL,'姜荣正','姜荣正',NULL,NULL,'机房或云桌面',NULL,'2020-2021-2','南城'),(103,'大数据综合项目实践','3','20','3','60','专项实践课','考查','计算机学院','2018级卓越软件工程师创新班本科1',NULL,NULL,'魏碧晴','魏碧晴',NULL,NULL,NULL,NULL,'2020-2021-2','南城'),(104,'动态网页设计','2','3','11','33','任选课','考查','计算机学院','2018级数据科学与大数据技术本科（1、2合成的新的1班）',NULL,'32','王华','王华',NULL,NULL,'机房或云桌面',NULL,'2020-2021-2','南城'),(105,'动态网页设计','2','3','11','33','任选课','考查','计算机学院','2018级数据科学与大数据技术本科3、4班',NULL,'30','王华','王华',NULL,NULL,'机房或云桌面',NULL,'2020-2021-2','南城'),(106,'动态网页设计','2','3','11','33','任选课','考查','计算机学院','2018级图灵创新班本科1',NULL,'6+26','王华','王华',NULL,NULL,'机房或云桌面',NULL,'2020-2021-2','南城'),(107,'分布式计算框架','4','5','13','65','专业必修课','考试','计算机学院','2018级数据科学与大数据技术本科1、2（合并成新的1班）',NULL,'22+25','曾阿凡','魏碧晴',NULL,NULL,'机房或云桌面',NULL,'2020-2021-2','南城'),(108,'分布式计算框架','4','5','13','65','专业必修课','考试','计算机学院','2018级数据科学与大数据技术本科3',NULL,'38','曾阿凡','魏碧晴',NULL,NULL,'机房或云桌面',NULL,'2020-2021-2','南城'),(109,'分布式计算框架','4','5','13','65','专业必修课','考试','计算机学院','2018级数据科学与大数据技术本科4',NULL,'37','魏碧晴','魏碧晴',NULL,NULL,'机房或云桌面',NULL,'2020-2021-2','南城'),(110,'分布式计算框架','4','5','13','65','专业必修课','考试','计算机学院','2018级图灵创新班本科1',NULL,NULL,'魏碧晴','魏碧晴',NULL,NULL,'机房或云桌面',NULL,'2020-2021-2','南城'),(111,'分布式计算框架技术 ','4','4','15','60','专业必修课','考试','计算机学院','2018级卓越软件工程师创新班本科1',NULL,NULL,'姜荣正','姜荣正',NULL,NULL,'机房或云桌面',NULL,'2020-2021-2','南城'),(112,'分布式计算框架课程设计','2','20','2','40','专项实践课','考查','计算机学院','2018级数据科学与大数据技术本科1、2',NULL,'22+25','曾阿凡','魏碧晴',NULL,NULL,NULL,NULL,'2020-2021-2','南城'),(113,'分布式计算框架课程设计','2','20','2','40','专项实践课','考查','计算机学院','2018级数据科学与大数据技术本科3',NULL,'38','凌风如','魏碧晴',NULL,NULL,NULL,NULL,'2020-2021-2','南城'),(114,'分布式计算框架课程设计','2','20','2','40','专项实践课','考查','计算机学院','2018级数据科学与大数据技术本科4',NULL,'37','曾阿凡','魏碧晴',NULL,NULL,NULL,NULL,'2020-2021-2','南城'),(115,'分布式计算框架课程设计','2','20','2','40','专项实践课','考查','计算机学院','2018级图灵创新班本科1',NULL,NULL,'魏碧晴','魏碧晴',NULL,NULL,NULL,NULL,'2020-2021-2','南城'),(116,'计算机安全','2','3','11','33','任选课','考查','计算机学院','2018级软件工程本科1-11、2018级卓越软件工程师创新班Ⅱ本科1',NULL,'41','徐娟娟','徐娟娟',NULL,NULL,'机房或云桌面',NULL,'2020-2021-2','南城'),(117,'计算机基础','3','3','16','48','公共必修课','考试','计算机学院','2020级电子商务本科1',NULL,NULL,'单长虹','田洁',NULL,NULL,'机房或云桌面',NULL,'2020-2021-2','南城'),(118,'计算机基础','3','3','16','48','公共必修课','考试','计算机学院','2020级电子商务本科2',NULL,NULL,'彭娇','田洁',NULL,NULL,'机房或云桌面',NULL,'2020-2021-2','南城'),(119,'计算机基础','3','3','16','48','公共必修课','考试','计算机学院','2020级电子商务本科3',NULL,NULL,'黎玉香','田洁',NULL,NULL,'机房或云桌面',NULL,'2020-2021-2','南城'),(120,'计算机基础','3','3','16','48','公共必修课','考试','计算机学院','2020级电子商务本科4',NULL,NULL,'蒋明奇','田洁',NULL,NULL,'机房或云桌面',NULL,'2020-2021-2','南城'),(121,'计算机基础','3','3','16','48','公共必修课','考试','计算机学院','2020级工商管理本科1',NULL,NULL,'兼职教师冯天亮','田洁',NULL,NULL,'机房或云桌面',NULL,'2020-2021-2','南城'),(122,'计算机基础','3','3','16','48','公共必修课','考试','计算机学院','2020级工商管理本科2',NULL,NULL,'孟雨','田洁',NULL,NULL,'机房或云桌面',NULL,'2020-2021-2','南城'),(123,'计算机基础','3','3','16','48','公共必修课','考试','计算机学院','2020级工商管理本科3',NULL,NULL,'曾敏','田洁',NULL,NULL,'机房或云桌面',NULL,'2020-2021-2','南城'),(124,'计算机基础','3','3','16','48','公共必修课','考试','计算机学院','2020级跨境电子商务本科1',NULL,NULL,'徐娟娟','田洁',NULL,NULL,'机房或云桌面',NULL,'2020-2021-2','南城'),(125,'计算机基础','3','3','16','48','公共必修课','考试','计算机学院','2020级市场营销本科1',NULL,NULL,'单长虹','田洁',NULL,NULL,'机房或云桌面',NULL,'2020-2021-2','南城'),(126,'计算机基础','3','3','16','48','公共必修课','考试','计算机学院','2020级市场营销本科2',NULL,NULL,'雷桂平','田洁',NULL,NULL,'机房或云桌面',NULL,'2020-2021-2','南城'),(127,'计算机基础','3','3','16','48','公共必修课','考试','计算机学院','2020级市场营销本科3',NULL,NULL,'雷桂平','田洁',NULL,NULL,'机房或云桌面',NULL,'2020-2021-2','南城'),(128,'计算机基础','3','3','16','48','公共必修课','考试','计算机学院','2020级物流管理本科1',NULL,NULL,'徐娟娟','田洁',NULL,NULL,'机房或云桌面',NULL,'2020-2021-2','南城'),(129,'计算机基础','3','3','16','48','公共必修课','考试','计算机学院','2020级物流管理本科2',NULL,NULL,'徐娟娟','田洁',NULL,NULL,'机房或云桌面',NULL,'2020-2021-2','南城'),(130,'计算机基础','3','3','16','48','公共必修课','考试','计算机学院','2020级物流管理本科3',NULL,NULL,'邱彩华','田洁',NULL,NULL,'机房或云桌面',NULL,'2020-2021-2','南城'),(131,'计算机基础','3','3','16','48','公共必修课','考试','计算机学院','2020级新能源汽车技术专科1',NULL,NULL,'曾敏','田洁',NULL,NULL,'机房或云桌面',NULL,'2020-2021-2','南城'),(132,'企业级网络性能优化','4','5','14','70','组选课-1','考试','计算机学院','2018级“华为”网络工程师创新班本科1',NULL,NULL,'杨磊','杨磊',NULL,NULL,'工1-502',NULL,'2020-2021-2','南城'),(133,'企业级网络性能优化','4','4','14','56','组选课-1','考试','计算机学院','2018级网络工程本科1、4',NULL,'25+23','兼职教师刘敏','杨磊',NULL,NULL,'工1-502',NULL,'2020-2021-2','南城'),(134,'企业级网络性能优化','4','4','14','56','组选课-1','考试','计算机学院','2018级网络工程本科2、3',NULL,'30+16','杨磊','杨磊',NULL,NULL,'工1-502',NULL,'2020-2021-2','南城'),(135,'企业级网络性能优化','4','5','14','70','组选课-1','考试','计算机学院','2018级网络工程插本1',NULL,NULL,'何胜银','杨磊',NULL,NULL,'工1-502',NULL,'2020-2021-2','南城'),(136,'企业级网络性能优化','4','5','14','70','组选课-1','考试','计算机学院','2018级网络工程插本2',NULL,NULL,'何胜银','杨磊',NULL,NULL,'工1-502',NULL,'2020-2021-2','南城'),(137,'企业级网络性能优化课程设计','2','20','2','40','专项实践课','考查','计算机学院','2018级“华为”网络工程师创新班本科1',NULL,NULL,'杨磊','杨磊',NULL,NULL,NULL,NULL,'2020-2021-2','南城'),(138,'企业级网络性能优化课程设计','2','20','2','40','专项实践课','考查','计算机学院','2018级网络工程本科1、4',NULL,'25+23','麦惠强','杨磊',NULL,NULL,NULL,NULL,'2020-2021-2','南城'),(139,'企业级网络性能优化课程设计','2','20','2','40','专项实践课','考查','计算机学院','2018级网络工程本科2、3',NULL,'30+16','杨磊','杨磊',NULL,NULL,NULL,NULL,'2020-2021-2','南城'),(140,'企业级网络性能优化课程设计','2','20','2','40','专项实践课','考查','计算机学院','2018级网络工程插本1',NULL,NULL,'何胜银','杨磊',NULL,NULL,NULL,NULL,'2020-2021-2','南城'),(141,'企业级网络性能优化课程设计','2','20','2','40','专项实践课','考查','计算机学院','2018级网络工程插本2',NULL,NULL,'何胜银','杨磊',NULL,NULL,NULL,NULL,'2020-2021-2','南城'),(142,'嵌入式系统结构课程设计','2','20','2','40','专项实践课','考查','计算机学院','2018级物联网工程本科1-4',NULL,NULL,'王玲维','王玲维',NULL,NULL,NULL,NULL,'2020-2021-2','南城'),(143,'容器技术','2','3','11','33','任选课','考查','计算机学院','2018级数据科学与大数据技术本科（1、2合成的新的1班）、3班',NULL,'39+5','汤清龙','汤清龙',NULL,NULL,'机房或云桌面',NULL,'2020-2021-2','南城'),(144,'容器技术','2','3','11','33','任选课','考查','计算机学院','2018级数据科学与大数据技术本科4、2018级图灵创新班本科1',NULL,'20+23','汤清龙','汤清龙',NULL,NULL,'机房或云桌面',NULL,'2020-2021-2','南城'),(145,'软件测试技术','2','2','14','28','任选课','考查','计算机学院','2018级软件工程本科1-11、2018级卓越软件工程师创新班Ⅱ本科1',NULL,'24','王荣福','王荣福',NULL,NULL,'机房或云桌面',NULL,'2020-2021-2','南城'),(146,'软件工程','3','4','13','52','专业必修课','考试','计算机学院','2018级软件工程本科1',NULL,NULL,'聂军','聂军',NULL,NULL,'多媒体',NULL,'2020-2021-2','南城'),(147,'软件工程','3','4','13','52','专业必修课','考试','计算机学院','2018级软件工程本科10',NULL,NULL,'陈慧娟','聂军',NULL,NULL,'多媒体',NULL,'2020-2021-2','南城'),(148,'软件工程','3','4','13','52','专业必修课','考试','计算机学院','2018级软件工程本科11',NULL,NULL,'陈慧娟','聂军',NULL,NULL,'多媒体',NULL,'2020-2021-2','南城'),(149,'软件工程','3','4','13','52','专业必修课','考试','计算机学院','2018级软件工程本科2',NULL,NULL,'聂军','聂军',NULL,NULL,'多媒体',NULL,'2020-2021-2','南城'),(150,'软件工程','3','4','13','52','专业必修课','考试','计算机学院','2018级软件工程本科3',NULL,NULL,'李彩霞','聂军',NULL,NULL,'多媒体',NULL,'2020-2021-2','南城'),(151,'软件工程','3','4','13','52','专业必修课','考试','计算机学院','2018级软件工程本科4',NULL,NULL,'李彩霞','聂军',NULL,NULL,'多媒体',NULL,'2020-2021-2','南城'),(152,'软件工程','3','4','13','52','专业必修课','考试','计算机学院','2018级软件工程本科5',NULL,NULL,'李彩霞','聂军',NULL,NULL,'多媒体',NULL,'2020-2021-2','南城'),(153,'软件工程','3','4','13','52','专业必修课','考试','计算机学院','2018级软件工程本科6',NULL,NULL,'王忠建','聂军',NULL,NULL,'多媒体',NULL,'2020-2021-2','南城'),(154,'软件工程','3','4','13','52','专业必修课','考试','计算机学院','2018级软件工程本科7',NULL,NULL,'黎玉香','聂军',NULL,NULL,'多媒体',NULL,'2020-2021-2','南城'),(155,'软件工程','3','4','13','52','专业必修课','考试','计算机学院','2018级软件工程本科8',NULL,NULL,'黎玉香','聂军',NULL,NULL,'多媒体',NULL,'2020-2021-2','南城'),(156,'软件工程','3','4','13','52','专业必修课','考试','计算机学院','2018级软件工程本科9',NULL,NULL,'王忠建','聂军',NULL,NULL,'多媒体',NULL,'2020-2021-2','南城'),(157,'软件工程','3','4','12','48','专业必修课','考试','计算机学院','2018级卓越软件工程师创新班Ⅱ本科1',NULL,NULL,'王忠建','聂军',NULL,NULL,'多媒体',NULL,'2020-2021-2','南城'),(158,'软件工程','2','2','15','30','专业必修课','考试','计算机学院','2018级卓越软件工程师创新班本科1',NULL,NULL,'聂军','聂军',NULL,NULL,'多媒体',NULL,'2020-2021-2','南城'),(159,'软件项目管理','2','3','11','33','专业必修课','考试','计算机学院','2018级卓越软件工程师创新班Ⅱ本科1',NULL,NULL,'李玉坤','李玉坤',NULL,NULL,'多媒体',NULL,'2020-2021-2','南城'),(160,'生产与运作管理','4','5','11','55','组选课-2','考试','计算机学院','2018级信息管理与信息系统本科1-2',NULL,'39+11','陈慧娟','陈慧娟',NULL,NULL,'多媒体',NULL,'2020-2021-2','南城'),(161,'生产与运作管理课程设计','4','20','4','80','专项实践课','考查','计算机学院','2018级信息管理与信息系统本科2',NULL,'39+11','陈慧娟','陈慧娟',NULL,NULL,NULL,NULL,'2020-2021-2','南城'),(162,'数据结构','4','4','17','68','基础必修课','考试','计算机学院','2020级软件技术专科1',NULL,NULL,'凌风如','凌风如',NULL,NULL,'机房或云桌面',NULL,'2020-2021-2','南城'),(163,'数据结构','4','4','17','68','基础必修课','考试','计算机学院','2020级软件技术专科2',NULL,NULL,'凌风如','凌风如',NULL,NULL,'机房或云桌面',NULL,'2020-2021-2','南城'),(164,'数据结构','4','4','17','68','基础必修课','考试','计算机学院','2020级软件技术专科3',NULL,NULL,'彭娇','凌风如',NULL,NULL,'机房或云桌面',NULL,'2020-2021-2','南城'),(165,'数据结构','4','4','17','68','基础必修课','考试','计算机学院','2020级软件技术专科4',NULL,NULL,'彭娇','凌风如',NULL,NULL,'机房或云桌面',NULL,'2020-2021-2','南城'),(166,'数据库技术','4','4','17','68','基础必修课','考试','计算机学院','2020级软件技术专科1',NULL,NULL,'蒋明奇','李燕茹',NULL,NULL,'机房或云桌面',NULL,'2020-2021-2','南城'),(167,'数据库技术','4','4','17','68','基础必修课','考试','计算机学院','2020级软件技术专科2',NULL,NULL,'李燕茹','李燕茹',NULL,NULL,'机房或云桌面',NULL,'2020-2021-2','南城'),(168,'数据库技术','4','4','17','68','基础必修课','考试','计算机学院','2020级软件技术专科3',NULL,NULL,'李燕茹','李燕茹',NULL,NULL,'机房或云桌面',NULL,'2020-2021-2','南城'),(169,'数据库技术','4','4','17','68','基础必修课','考试','计算机学院','2020级软件技术专科4',NULL,NULL,'李燕茹','李燕茹',NULL,NULL,'机房或云桌面',NULL,'2020-2021-2','南城'),(170,'数据库技术课程设计','1','20','1','20','实训课','考查','计算机学院','2020级软件技术专科1',NULL,NULL,'李彩霞','李燕茹',NULL,NULL,NULL,NULL,'2020-2021-2','南城'),(171,'数据库技术课程设计','1','20','1','20','实训课','考查','计算机学院','2020级软件技术专科2',NULL,NULL,'李彩霞','李燕茹',NULL,NULL,NULL,NULL,'2020-2021-2','南城'),(172,'数据库技术课程设计','1','20','1','20','实训课','考查','计算机学院','2020级软件技术专科3',NULL,NULL,'陈慧娟','李燕茹',NULL,NULL,NULL,NULL,'2020-2021-2','南城'),(173,'数据库技术课程设计','1','20','1','20','实训课','考查','计算机学院','2020级软件技术专科4',NULL,NULL,'李燕茹','李燕茹',NULL,NULL,NULL,NULL,'2020-2021-2','南城'),(174,'数据挖掘','4','5','13','65','组选课-1','考试','计算机学院','2018级数据科学与大数据技术本科1、4',NULL,'20+23','张亚苹','张亚苹',NULL,NULL,'机房或云桌面',NULL,'2020-2021-2','南城'),(175,'数据挖掘','4','5','13','65','组选课-1','考试','计算机学院','2018级数据科学与大数据技术本科2、3',NULL,'16+33','张亚苹','张亚苹',NULL,NULL,'机房或云桌面',NULL,'2020-2021-2','南城'),(176,'数据挖掘','4','5','13','65','组选课-1','考试','计算机学院','2018级图灵创新班本科1',NULL,NULL,'张亚苹','张亚苹',NULL,NULL,'机房或云桌面',NULL,'2020-2021-2','南城'),(177,'数据挖掘课程设计','3','20','3','60','专项实践课','考查','计算机学院','2018级数据科学与大数据技术本科1、4',NULL,'20+23','王华','张亚苹',NULL,NULL,NULL,NULL,'2020-2021-2','南城'),(178,'数据挖掘课程设计','3','20','3','60','专项实践课','考查','计算机学院','2018级数据科学与大数据技术本科2、3',NULL,'16+33','张亚苹','张亚苹',NULL,NULL,NULL,NULL,'2020-2021-2','南城'),(179,'数据挖掘课程设计','3','20','3','60','专项实践课','考查','计算机学院','2018级图灵创新班本科1',NULL,NULL,'张龙青','张亚苹',NULL,NULL,NULL,NULL,'2020-2021-2','南城'),(180,'数字电路的FPGA设计基础','4','4','15','60','组选课-1','考试','计算机学院','2018级物联网工程本科1-4',NULL,'39','单长虹','单长虹',NULL,NULL,'工1-504',NULL,'2020-2021-2','南城'),(181,'网络工程师认证','2','3','11','33','任选课','考查','计算机学院','2018级网络工程本科1、2',NULL,'25+32','马海菲','马海菲',NULL,NULL,'多媒体',NULL,'2020-2021-2','南城'),(182,'网络工程师认证','2','3','11','33','任选课','考查','计算机学院','2018级网络工程本科3、4、2018级“华为”网络工程师创新班本科1',NULL,'6+35','马海菲','马海菲',NULL,NULL,'多媒体',NULL,'2020-2021-2','南城'),(183,'网络工程师认证','2','3','11','33','任选课','考查','计算机学院','2018级网络工程插本1',NULL,NULL,'马海菲','马海菲',NULL,NULL,'多媒体',NULL,'2020-2021-2','南城'),(184,'网络工程师认证','2','3','11','33','任选课','考查','计算机学院','2018级网络工程插本2',NULL,NULL,'马海菲','马海菲',NULL,NULL,'多媒体',NULL,'2020-2021-2','南城'),(185,'网络攻防技术','4','4','14','56','组选课-2','考试','计算机学院','2018级网络工程本科1-4',NULL,'32','樊勇','樊勇',NULL,NULL,'多媒体',NULL,'2020-2021-2','南城'),(186,'网络攻防课程设计','2','20','2','40','专项实践课','考查','计算机学院','2018级网络工程本科1-4',NULL,'32','樊勇','樊勇',NULL,NULL,NULL,NULL,'2020-2021-2','南城'),(187,'网页开发技术','4','5','11','55','专业必修课','考试','计算机学院','2018级信息管理与信息系统本科1',NULL,NULL,'邱彩华','黎玉香',NULL,NULL,'机房或云桌面',NULL,'2020-2021-2','南城'),(188,'网页开发技术','4','5','11','55','专业必修课','考试','计算机学院','2018级信息管理与信息系统本科2',NULL,NULL,'黎玉香','黎玉香',NULL,NULL,'机房或云桌面',NULL,'2020-2021-2','南城'),(189,'网页开发技术课程设计','3','20','3','60','专项实践课','考查','计算机学院','2018级信息管理与信息系统本科1',NULL,NULL,'雷桂平','黎玉香',NULL,NULL,NULL,NULL,'2020-2021-2','南城'),(190,'网页开发技术课程设计','3','20','3','60','专项实践课','考查','计算机学院','2018级信息管理与信息系统本科2',NULL,NULL,'黎玉香','黎玉香',NULL,NULL,NULL,NULL,'2020-2021-2','南城'),(191,'微信平台开发','2','3','11','33','任选课','考查','计算机学院','2018级软件工程本科1、11',NULL,'38+4','兼职教师侯爱民','陈云贵',NULL,NULL,'机房或云桌面',NULL,'2020-2021-2','南城'),(192,'微信平台开发','2','3','11','33','任选课','考查','计算机学院','2018级软件工程本科2、2018级卓越软件工程师创新班Ⅱ本科1',NULL,'36','兼职教师侯爱民','陈云贵',NULL,NULL,'机房或云桌面',NULL,'2020-2021-2','南城'),(193,'微信平台开发','2','3','11','33','任选课','考查','计算机学院','2018级软件工程本科3、9',NULL,'29+8','马海菲','陈云贵',NULL,NULL,'机房或云桌面',NULL,'2020-2021-2','南城'),(194,'微信平台开发','2','3','11','33','任选课','考查','计算机学院','2018级软件工程本科4、8',NULL,'27+15','马海菲','陈云贵',NULL,NULL,'机房或云桌面',NULL,'2020-2021-2','南城'),(195,'微信平台开发','2','3','11','33','任选课','考查','计算机学院','2018级软件工程本科5、7',NULL,'22+22','陈云贵','陈云贵',NULL,NULL,'机房或云桌面',NULL,'2020-2021-2','南城'),(196,'微信平台开发','2','3','11','33','任选课','考查','计算机学院','2018级软件工程本科6、10',NULL,'37+5','陈云贵','陈云贵',NULL,NULL,'机房或云桌面',NULL,'2020-2021-2','南城'),(197,'无线传感器网络','3','3','15','45','专业必修课','考试','计算机学院','2018级物联网工程本科1',NULL,'29','崔康吉','余亮',NULL,NULL,'工1-202',NULL,'2020-2021-2','南城'),(198,'无线传感器网络','3','3','15','45','专业必修课','考试','计算机学院','2018级物联网工程本科2、3（合并成的新的2班）',NULL,'23+12','崔康吉','余亮',NULL,NULL,'工1-202',NULL,'2020-2021-2','南城'),(199,'无线传感器网络','3','3','15','45','专业必修课','考试','计算机学院','2018级物联网工程本科4',NULL,'26','崔康吉','余亮',NULL,NULL,'工1-202',NULL,'2020-2021-2','南城'),(200,'无线传感器网络','3','3','17','51','专业必修课','考试','计算机学院','2018级物联网工程插本1',NULL,NULL,'余亮','余亮',NULL,NULL,'工1-202',NULL,'2020-2021-2','南城'),(201,'无线传感器网络','3','3','17','51','专业必修课','考试','计算机学院','2018级物联网工程插本2',NULL,NULL,'余亮','余亮',NULL,NULL,'工1-202',NULL,'2020-2021-2','南城'),(202,'无线传感器网络','3','3','15','45','专业必修课','考试','计算机学院','2018级智能物联创新班本科1',NULL,NULL,'余亮','余亮',NULL,NULL,'工1-202',NULL,'2020-2021-2','南城'),(203,'无线传感器网络课程设计','1','20','1','20','专项实践课','考查','计算机学院','2018级物联网工程本科1',NULL,'29','崔康吉','余亮',NULL,NULL,NULL,NULL,'2020-2021-2','南城'),(204,'无线传感器网络课程设计','1','20','1','20','专项实践课','考查','计算机学院','2018级物联网工程本科2、3（合并成的新的2班）',NULL,'23+12','单长虹','余亮',NULL,NULL,NULL,NULL,'2020-2021-2','南城'),(205,'无线传感器网络课程设计','1','20','1','20','专项实践课','考查','计算机学院','2018级物联网工程本科4',NULL,'26','蔡新举','余亮',NULL,NULL,NULL,NULL,'2020-2021-2','南城'),(206,'无线传感器网络课程设计','1','20','1','20','专项实践课','考查','计算机学院','2018级物联网工程插本1',NULL,NULL,'余亮','余亮',NULL,NULL,NULL,NULL,'2020-2021-2','南城'),(207,'无线传感器网络课程设计','1','20','1','20','专项实践课','考查','计算机学院','2018级物联网工程插本2',NULL,NULL,'余亮','余亮',NULL,NULL,NULL,NULL,'2020-2021-2','南城'),(208,'无线传感器网络课程设计','1','20','1','20','专项实践课','考查','计算机学院','2018级智能物联创新班本科1',NULL,NULL,'余亮','余亮',NULL,NULL,NULL,NULL,'2020-2021-2','南城'),(209,'无线网络技术','2','3','11','33','任选课','考查','计算机学院','2018级网络工程本科1-4、2018级“华为”网络工程师创新班本科1',NULL,'24','麦惠强','麦惠强',NULL,NULL,'工1-303',NULL,'2020-2021-2','南城'),(210,'无线网络技术','2','3','11','33','任选课','考查','计算机学院','2018级网络工程插本1',NULL,NULL,'麦惠强','麦惠强',NULL,NULL,'工1-303',NULL,'2020-2021-2','南城'),(211,'无线网络技术','2','3','11','33','任选课','考查','计算机学院','2018级网络工程插本2',NULL,NULL,'麦惠强','麦惠强',NULL,NULL,'工1-303',NULL,'2020-2021-2','南城'),(212,'物联网Android应用开发','3','3','15','45','专业必修课','考试','计算机学院','2018级物联网工程本科1',NULL,'29','张龙青','张龙青',NULL,NULL,'机房或云桌面',NULL,'2020-2021-2','南城'),(213,'物联网Android应用开发','3','3','15','45','专业必修课','考试','计算机学院','2018级物联网工程本科2',NULL,'23+12','张龙青','张龙青',NULL,NULL,'机房或云桌面',NULL,'2020-2021-2','南城'),(214,'物联网Android应用开发','3','3','15','45','专业必修课','考试','计算机学院','2018级物联网工程本科4',NULL,'26','张龙青','张龙青',NULL,NULL,'机房或云桌面',NULL,'2020-2021-2','南城'),(215,'物联网Android应用开发','3','3','15','45','专业必修课','考试','计算机学院','2018级智能物联创新班本科1',NULL,NULL,'张龙青','张龙青',NULL,NULL,'机房或云桌面',NULL,'2020-2021-2','南城'),(216,'移动开发框架技术','2','2','14','28','任选课','考查','计算机学院','2018级卓越软件工程师创新班本科1',NULL,NULL,'李燕茹','李燕茹',NULL,NULL,'机房或云桌面',NULL,'2020-2021-2','南城'),(217,'云计算技术','2','2','16','32','任选课','考查','计算机学院','2018级物联网工程插本1',NULL,NULL,'雷桂平','雷桂平',NULL,NULL,'多媒体',NULL,'2020-2021-2','南城'),(218,'云计算技术','2','2','16','32','任选课','考查','计算机学院','2018级物联网工程插本2',NULL,NULL,'雷桂平','雷桂平',NULL,NULL,'多媒体',NULL,'2020-2021-2','南城'),(219,'Android手机开发','2','3','11','33','任选课','考查','计算机学院','2018级软件工程插本1、4',NULL,'20+31','贾小硕','贾小硕',NULL,NULL,'机房或云桌面',NULL,'2020-2021-2','松山湖'),(220,'Android手机开发','2','3','11','33','任选课','考查','计算机学院','2018级软件工程插本2、5、6、7',NULL,'19+11+12+11','贾小硕','贾小硕',NULL,NULL,'机房或云桌面',NULL,'2020-2021-2','松山湖'),(221,'Android手机开发','2','3','11','33','任选课','考查','计算机学院','2018级软件工程插本3、8',NULL,'23+20','贾小硕','贾小硕',NULL,NULL,'机房或云桌面',NULL,'2020-2021-2','松山湖'),(222,'C#程序课程设计','1','20','1','20','专项实践课','考查','计算机学院','2019级物联网工程本科1',NULL,NULL,'张月月','张月月',NULL,NULL,NULL,NULL,'2020-2021-2','松山湖'),(223,'C#程序课程设计','1','20','1','20','专项实践课','考查','计算机学院','2019级物联网工程本科2',NULL,NULL,'张月月','张月月',NULL,NULL,NULL,NULL,'2020-2021-2','松山湖'),(224,'C#程序课程设计','1','20','1','20','专项实践课','考查','计算机学院','2019级物联网工程本科3',NULL,NULL,'张月月','张月月',NULL,NULL,NULL,NULL,'2020-2021-2','松山湖'),(225,'C#程序设计','4','5','13','65','组选课-1','考试','计算机学院','2019级软件工程本科1-12班',NULL,'51','黄桂花','黄桂花',NULL,NULL,'机房或云桌面',NULL,'2020-2021-2','松山湖'),(226,'C#程序设计','3','3','14','42','专业必修课','考试','计算机学院','2019级物联网工程本科1',NULL,NULL,'张月月','张月月',NULL,NULL,'机房或云桌面',NULL,'2020-2021-2','松山湖'),(227,'C#程序设计','3','3','14','42','专业必修课','考试','计算机学院','2019级物联网工程本科2',NULL,NULL,'张月月','张月月',NULL,NULL,'机房或云桌面',NULL,'2020-2021-2','松山湖'),(228,'C#程序设计','3','3','14','42','专业必修课','考试','计算机学院','2019级物联网工程本科3',NULL,NULL,'张月月','张月月',NULL,NULL,'机房或云桌面',NULL,'2020-2021-2','松山湖'),(229,'C#课程设计','2','20','2','40','专项实践课','考查','计算机学院','2019级软件工程本科1-12班',NULL,'51','黄桂花','黄桂花',NULL,NULL,NULL,NULL,'2020-2021-2','松山湖'),(230,'C语言程序设计','3','3','16','48','基础必修课','考试','计算机学院','2020级信息管理与信息系统本科1',NULL,NULL,'马丽君','马丽君',NULL,NULL,'机房或云桌面',NULL,'2020-2021-2','松山湖'),(231,'C语言程序设计','3','3','16','48','基础必修课','考试','计算机学院','2020级信息管理与信息系统本科2',NULL,NULL,'马一丹','马丽君',NULL,NULL,'机房或云桌面',NULL,'2020-2021-2','松山湖'),(232,'C语言程序设计','3','3','16','48','基础必修课','考试','计算机学院','2020级信息管理与信息系统本科3',NULL,NULL,'马丽君','马丽君',NULL,NULL,'机房或云桌面',NULL,'2020-2021-2','松山湖'),(233,'C语言课程设计','2','20','2','40','专项实践课','考查','计算机学院','2020级信息管理与信息系统本科1',NULL,NULL,'郑月月','马丽君',NULL,NULL,NULL,NULL,'2020-2021-2','松山湖'),(234,'C语言课程设计','2','20','2','40','专项实践课','考查','计算机学院','2020级信息管理与信息系统本科2',NULL,NULL,'何员子','马丽君',NULL,NULL,NULL,NULL,'2020-2021-2','松山湖'),(235,'C语言课程设计','2','20','2','40','专项实践课','考查','计算机学院','2020级信息管理与信息系统本科3',NULL,NULL,'马丽君','马丽君',NULL,NULL,NULL,NULL,'2020-2021-2','松山湖'),(236,'ES6','4','4','15','60','专业限选课','考查','计算机学院','2019级计算机应用技术专科1',NULL,NULL,'雷秦川','聂鹏',NULL,NULL,'机房或云桌面',NULL,'2020-2021-2','松山湖'),(237,'ES6','4','4','15','60','专业限选课','考查','计算机学院','2019级计算机应用技术专科2',NULL,NULL,'聂鹏','聂鹏',NULL,NULL,'机房或云桌面',NULL,'2020-2021-2','松山湖'),(238,'ES6','4','4','15','60','专业限选课','考查','计算机学院','2019级计算机应用技术专科3',NULL,NULL,'聂鹏','聂鹏',NULL,NULL,'机房或云桌面',NULL,'2020-2021-2','松山湖'),(239,'ES6','4','4','15','60','专业限选课','考查','计算机学院','2019级计算机应用技术专科4',NULL,NULL,'聂鹏','聂鹏',NULL,NULL,'机房或云桌面',NULL,'2020-2021-2','松山湖'),(240,'ES6','4','4','15','60','专业限选课','考查','计算机学院','2019级计算机应用技术专科5',NULL,NULL,'聂鹏','聂鹏',NULL,NULL,'机房或云桌面',NULL,'2020-2021-2','松山湖'),(241,'HCNA操作实践','1','20','1','20','实训课','考查','计算机学院','2019级计算机网络技术专科1',NULL,NULL,'陈文亮','陈文亮',NULL,NULL,NULL,NULL,'2020-2021-2','松山湖'),(242,'HCNA操作实践','1','20','1','20','实训课','考查','计算机学院','2019级计算机网络技术专科2',NULL,NULL,'陈文亮','陈文亮',NULL,NULL,NULL,NULL,'2020-2021-2','松山湖'),(243,'HCNA考证辅导','2.5','3','14','42','考证课','考查','计算机学院','2019级计算机网络技术专科1',NULL,NULL,'陈文亮','陈文亮',NULL,NULL,'多媒体',NULL,'2020-2021-2','松山湖'),(244,'HCNA考证辅导','2.5','3','14','42','考证课','考查','计算机学院','2019级计算机网络技术专科2',NULL,NULL,'陈文亮','陈文亮',NULL,NULL,'多媒体',NULL,'2020-2021-2','松山湖'),(245,'HCNA网络技术','4','4','16','64','必修课','考试','计算机学院','2019级计算机网络技术专科1',NULL,NULL,'陈文亮','陈文亮',NULL,NULL,'多媒体',NULL,'2020-2021-2','松山湖'),(246,'HCNA网络技术','4','4','16','64','必修课','考试','计算机学院','2019级计算机网络技术专科2',NULL,NULL,'陈文亮','陈文亮',NULL,NULL,'多媒体',NULL,'2020-2021-2','松山湖'),(247,'Java Web程序设计','4','4','17','68','必修课','考试','计算机学院','2019级软件技术专科1',NULL,NULL,'马光','马光',NULL,NULL,'机房或云桌面',NULL,'2020-2021-2','松山湖'),(248,'Java Web程序设计','4','4','17','68','必修课','考试','计算机学院','2019级软件技术专科2',NULL,NULL,'马光','马光',NULL,NULL,'机房或云桌面',NULL,'2020-2021-2','松山湖'),(249,'Java Web程序设计','4','4','17','68','必修课','考试','计算机学院','2019级软件技术专科3',NULL,NULL,'李启骞','马光',NULL,NULL,'机房或云桌面',NULL,'2020-2021-2','松山湖'),(250,'Java Web程序设计','4','4','17','68','必修课','考试','计算机学院','2019级软件技术专科4',NULL,NULL,'王诗雅','马光',NULL,NULL,'机房或云桌面',NULL,'2020-2021-2','松山湖'),(251,'Java Web技术','4','5','13','65','组选课-1','考试','计算机学院','2018级软件工程插本1',NULL,NULL,'骆丽华','侯玉香',NULL,NULL,'机房或云桌面',NULL,'2020-2021-2','松山湖'),(252,'Java Web技术','4','5','13','65','组选课-1','考试','计算机学院','2018级软件工程插本2',NULL,NULL,'苏华江','侯玉香',NULL,NULL,'机房或云桌面',NULL,'2020-2021-2','松山湖'),(253,'Java Web技术','4','5','13','65','组选课-1','考试','计算机学院','2018级软件工程插本3',NULL,NULL,'苏华江','侯玉香',NULL,NULL,'机房或云桌面',NULL,'2020-2021-2','松山湖'),(254,'Java Web技术','4','5','13','65','组选课-1','考试','计算机学院','2018级软件工程插本4',NULL,NULL,'苏华江','侯玉香',NULL,NULL,'机房或云桌面',NULL,'2020-2021-2','松山湖'),(255,'Java Web技术','4','5','13','65','组选课-1','考试','计算机学院','2018级软件工程插本5',NULL,NULL,'骆丽华','侯玉香',NULL,NULL,'机房或云桌面',NULL,'2020-2021-2','松山湖'),(256,'Java Web技术','4','5','13','65','组选课-1','考试','计算机学院','2018级软件工程插本6',NULL,NULL,'侯玉香','侯玉香',NULL,NULL,'机房或云桌面',NULL,'2020-2021-2','松山湖'),(257,'Java Web技术','4','5','13','65','组选课-1','考试','计算机学院','2018级软件工程插本7',NULL,NULL,'侯玉香','侯玉香',NULL,NULL,'机房或云桌面',NULL,'2020-2021-2','松山湖'),(258,'Java Web技术','4','5','13','65','组选课-1','考试','计算机学院','2018级软件工程插本8',NULL,NULL,'侯玉香','侯玉香',NULL,NULL,'机房或云桌面',NULL,'2020-2021-2','松山湖'),(259,'Java Web课程设计','3','20','3','60','专项实践课','考查','计算机学院','2018级软件工程插本1',NULL,NULL,'施凯程','侯玉香',NULL,NULL,NULL,NULL,'2020-2021-2','松山湖'),(260,'Java Web课程设计','3','20','3','60','专项实践课','考查','计算机学院','2018级软件工程插本2',NULL,NULL,'苏华江','侯玉香',NULL,NULL,NULL,NULL,'2020-2021-2','松山湖'),(261,'Java Web课程设计','3','20','3','60','专项实践课','考查','计算机学院','2018级软件工程插本3',NULL,NULL,'王诗雅','侯玉香',NULL,NULL,NULL,NULL,'2020-2021-2','松山湖'),(262,'Java Web课程设计','3','20','3','60','专项实践课','考查','计算机学院','2018级软件工程插本4',NULL,NULL,'李启骞','侯玉香',NULL,NULL,NULL,NULL,'2020-2021-2','松山湖'),(263,'Java Web课程设计','3','20','3','60','专项实践课','考查','计算机学院','2018级软件工程插本5',NULL,NULL,'骆丽华','侯玉香',NULL,NULL,NULL,NULL,'2020-2021-2','松山湖'),(264,'Java Web课程设计','3','20','3','60','专项实践课','考查','计算机学院','2018级软件工程插本6',NULL,NULL,'侯玉香','侯玉香',NULL,NULL,NULL,NULL,'2020-2021-2','松山湖'),(265,'Java Web课程设计','3','20','3','60','专项实践课','考查','计算机学院','2018级软件工程插本7',NULL,NULL,'朱鹏','侯玉香',NULL,NULL,NULL,NULL,'2020-2021-2','松山湖'),(266,'Java Web课程设计','3','20','3','60','专项实践课','考查','计算机学院','2018级软件工程插本8',NULL,NULL,'何建军','侯玉香',NULL,NULL,NULL,NULL,'2020-2021-2','松山湖'),(267,'Java Web课程设计','1','20','1','20','实训课','考查','计算机学院','2019级软件技术专科1',NULL,NULL,'马光','马光',NULL,NULL,NULL,NULL,'2020-2021-2','松山湖'),(268,'Java Web课程设计','1','20','1','20','实训课','考查','计算机学院','2019级软件技术专科2',NULL,NULL,'武焕勤','马光',NULL,NULL,NULL,NULL,'2020-2021-2','松山湖'),(269,'Java Web课程设计','1','20','1','20','实训课','考查','计算机学院','2019级软件技术专科3',NULL,NULL,'李启骞','马光',NULL,NULL,NULL,NULL,'2020-2021-2','松山湖'),(270,'Java Web课程设计','1','20','1','20','实训课','考查','计算机学院','2019级软件技术专科4',NULL,NULL,'王诗雅','马光',NULL,NULL,NULL,NULL,'2020-2021-2','松山湖'),(271,'Java程序设计','4','4','16','64','基础必修课','考试','计算机学院','2019级计算机网络技术专科1',NULL,NULL,'柳子来','李蓉蓉',NULL,NULL,'机房或云桌面',NULL,'2020-2021-2','松山湖'),(272,'Java程序设计','4','4','16','64','基础必修课','考试','计算机学院','2019级计算机网络技术专科2',NULL,NULL,'柳子来','李蓉蓉',NULL,NULL,'机房或云桌面',NULL,'2020-2021-2','松山湖'),(273,'JAVA程序设计','4','5','13','65','组选课-2','考试','计算机学院','2019级软件工程本科1',NULL,'47','李蓉蓉','李蓉蓉',NULL,NULL,'机房或云桌面',NULL,'2020-2021-2','松山湖'),(274,'JAVA程序设计','4','5','13','65','组选课-2','考试','计算机学院','2019级软件工程本科10',NULL,'50','兼职教师宋鸿陟','李蓉蓉',NULL,'是','机房或云桌面',NULL,'2020-2021-2','松山湖'),(275,'JAVA程序设计','4','5','13','65','组选课-2','考试','计算机学院','2019级软件工程本科11',NULL,'49','张飞飞','李蓉蓉',NULL,NULL,'机房或云桌面',NULL,'2020-2021-2','松山湖'),(276,'JAVA程序设计','4','5','13','65','组选课-2','考试','计算机学院','2019级软件工程本科12',NULL,'52','王诗雅','李蓉蓉',NULL,NULL,'机房或云桌面',NULL,'2020-2021-2','松山湖'),(277,'JAVA程序设计','4','5','13','65','组选课-2','考试','计算机学院','2019级软件工程本科2',NULL,'39','游开明','李蓉蓉',NULL,NULL,'机房或云桌面',NULL,'2020-2021-2','松山湖'),(278,'JAVA程序设计','4','5','13','65','组选课-2','考试','计算机学院','2019级软件工程本科3',NULL,'41','游开明','李蓉蓉',NULL,NULL,'机房或云桌面',NULL,'2020-2021-2','松山湖'),(279,'JAVA程序设计','4','5','13','65','组选课-2','考试','计算机学院','2019级软件工程本科4',NULL,'48','朱富裕','李蓉蓉',NULL,NULL,'机房或云桌面',NULL,'2020-2021-2','松山湖'),(280,'JAVA程序设计','4','5','13','65','组选课-2','考试','计算机学院','2019级软件工程本科5',NULL,'31','关向科','李蓉蓉',NULL,NULL,'机房或云桌面',NULL,'2020-2021-2','松山湖'),(281,'JAVA程序设计','4','5','13','65','组选课-2','考试','计算机学院','2019级软件工程本科6',NULL,'35','关向科','李蓉蓉',NULL,NULL,'机房或云桌面',NULL,'2020-2021-2','松山湖'),(282,'JAVA程序设计','4','5','13','65','组选课-2','考试','计算机学院','2019级软件工程本科7',NULL,'40','蔡靖','李蓉蓉',NULL,NULL,'机房或云桌面',NULL,'2020-2021-2','松山湖'),(283,'JAVA程序设计','4','5','13','65','组选课-2','考试','计算机学院','2019级软件工程本科8',NULL,'48','蔡靖','李蓉蓉',NULL,NULL,'机房或云桌面',NULL,'2020-2021-2','松山湖'),(284,'JAVA程序设计','4','5','13','65','组选课-2','考试','计算机学院','2019级软件工程本科9',NULL,'46','蔡靖','李蓉蓉',NULL,NULL,'机房或云桌面',NULL,'2020-2021-2','松山湖'),(285,'JAVA课程设计','2','20','2','40','专项实践课','考查','计算机学院','2019级软件工程本科1',NULL,NULL,'李蓉蓉','李蓉蓉',NULL,NULL,NULL,NULL,'2020-2021-2','松山湖'),(286,'JAVA课程设计','2','20','2','40','专项实践课','考查','计算机学院','2019级软件工程本科10',NULL,NULL,'于伟','李蓉蓉',NULL,NULL,NULL,NULL,'2020-2021-2','松山湖'),(287,'JAVA课程设计','2','20','2','40','专项实践课','考查','计算机学院','2019级软件工程本科11',NULL,NULL,'张飞飞','李蓉蓉',NULL,NULL,NULL,NULL,'2020-2021-2','松山湖'),(288,'JAVA课程设计','2','20','2','40','专项实践课','考查','计算机学院','2019级软件工程本科12',NULL,NULL,'黄鹏腾','李蓉蓉',NULL,NULL,NULL,NULL,'2020-2021-2','松山湖'),(289,'JAVA课程设计','2','20','2','40','专项实践课','考查','计算机学院','2019级软件工程本科2',NULL,NULL,'游开明','李蓉蓉',NULL,NULL,NULL,NULL,'2020-2021-2','松山湖'),(290,'JAVA课程设计','2','20','2','40','专项实践课','考查','计算机学院','2019级软件工程本科3',NULL,NULL,'游开明','李蓉蓉',NULL,NULL,NULL,NULL,'2020-2021-2','松山湖'),(291,'JAVA课程设计','2','20','2','40','专项实践课','考查','计算机学院','2019级软件工程本科4',NULL,NULL,'朱富裕','李蓉蓉',NULL,NULL,NULL,NULL,'2020-2021-2','松山湖'),(292,'JAVA课程设计','2','20','2','40','专项实践课','考查','计算机学院','2019级软件工程本科5',NULL,NULL,'关向科','李蓉蓉',NULL,NULL,NULL,NULL,'2020-2021-2','松山湖'),(293,'JAVA课程设计','2','20','2','40','专项实践课','考查','计算机学院','2019级软件工程本科6',NULL,NULL,'陈婧','李蓉蓉',NULL,NULL,NULL,NULL,'2020-2021-2','松山湖'),(294,'JAVA课程设计','2','20','2','40','专项实践课','考查','计算机学院','2019级软件工程本科7',NULL,NULL,'蔡靖','李蓉蓉',NULL,NULL,NULL,NULL,'2020-2021-2','松山湖'),(295,'JAVA课程设计','2','20','2','40','专项实践课','考查','计算机学院','2019级软件工程本科8',NULL,NULL,'蔡靖','李蓉蓉',NULL,NULL,NULL,NULL,'2020-2021-2','松山湖'),(296,'JAVA课程设计','2','20','2','40','专项实践课','考查','计算机学院','2019级软件工程本科9',NULL,NULL,'柳子来','李蓉蓉',NULL,NULL,NULL,NULL,'2020-2021-2','松山湖'),(297,'Linux基础','4','4','17','68','基础必修课','考试','计算机学院','2019级软件技术专科1',NULL,NULL,'金壮','金壮',NULL,NULL,'\nL3-511或L3-502',NULL,'2020-2021-2','松山湖'),(298,'Linux基础','4','4','17','68','基础必修课','考试','计算机学院','2019级软件技术专科2',NULL,NULL,'金壮','金壮',NULL,NULL,'\nL3-511或L3-502',NULL,'2020-2021-2','松山湖'),(299,'Linux基础','4','4','17','68','基础必修课','考试','计算机学院','2019级软件技术专科3',NULL,NULL,'金壮','金壮',NULL,NULL,'\nL3-511或L3-502',NULL,'2020-2021-2','松山湖'),(300,'Linux基础','4','4','17','68','基础必修课','考试','计算机学院','2019级软件技术专科4',NULL,NULL,'吕治政','金壮',NULL,NULL,'\nL3-511或L3-502',NULL,'2020-2021-2','松山湖'),(301,'Linux课程设计','1','20','1','20','专项实践课','考查','计算机学院','2018级软件工程插本1',NULL,NULL,'何员子','何员子',NULL,NULL,NULL,NULL,'2020-2021-2','松山湖'),(302,'Linux课程设计','1','20','1','20','专项实践课','考查','计算机学院','2018级软件工程插本2',NULL,NULL,'苏文龙','何员子',NULL,NULL,NULL,NULL,'2020-2021-2','松山湖'),(303,'Linux课程设计','1','20','1','20','专项实践课','考查','计算机学院','2018级软件工程插本3',NULL,NULL,'张茁弘','何员子',NULL,NULL,NULL,NULL,'2020-2021-2','松山湖'),(304,'Linux课程设计','1','20','1','20','专项实践课','考查','计算机学院','2018级软件工程插本4',NULL,NULL,'何员子','何员子',NULL,NULL,NULL,NULL,'2020-2021-2','松山湖'),(305,'Linux课程设计','1','20','1','20','专项实践课','考查','计算机学院','2018级软件工程插本5',NULL,NULL,'岳艺欣','何员子',NULL,NULL,NULL,NULL,'2020-2021-2','松山湖'),(306,'Linux课程设计','1','20','1','20','专项实践课','考查','计算机学院','2018级软件工程插本6',NULL,NULL,'岳艺欣','何员子',NULL,NULL,NULL,NULL,'2020-2021-2','松山湖'),(307,'Linux课程设计','1','20','1','20','专项实践课','考查','计算机学院','2018级软件工程插本7',NULL,NULL,'苏文龙','何员子',NULL,NULL,NULL,NULL,'2020-2021-2','松山湖'),(308,'Linux课程设计','1','20','1','20','专项实践课','考查','计算机学院','2018级软件工程插本8',NULL,NULL,'苏文龙','何员子',NULL,NULL,NULL,NULL,'2020-2021-2','松山湖'),(309,'Linux原理与应用','3.5','4','14','56','专业必修课','考试','计算机学院','2018级软件工程插本1',NULL,NULL,'岳艺欣','岳艺欣',NULL,NULL,'\nL3-511或L3-502',NULL,'2020-2021-2','松山湖'),(310,'Linux原理与应用','3.5','4','14','56','专业必修课','考试','计算机学院','2018级软件工程插本2',NULL,NULL,'张茁弘','岳艺欣',NULL,NULL,'\nL3-511或L3-502',NULL,'2020-2021-2','松山湖'),(311,'Linux原理与应用','3.5','4','14','56','专业必修课','考试','计算机学院','2018级软件工程插本3',NULL,NULL,'张茁弘','岳艺欣',NULL,NULL,'\nL3-511或L3-502',NULL,'2020-2021-2','松山湖'),(312,'Linux原理与应用','3.5','4','14','56','专业必修课','考试','计算机学院','2018级软件工程插本4',NULL,NULL,'岳艺欣','岳艺欣',NULL,NULL,'\nL3-511或L3-502',NULL,'2020-2021-2','松山湖'),(313,'Linux原理与应用','3.5','4','14','56','专业必修课','考试','计算机学院','2018级软件工程插本5',NULL,NULL,'岳艺欣','岳艺欣',NULL,NULL,'\nL3-511或L3-502',NULL,'2020-2021-2','松山湖'),(314,'Linux原理与应用','3.5','4','14','56','专业必修课','考试','计算机学院','2018级软件工程插本6',NULL,NULL,'岳艺欣','岳艺欣',NULL,NULL,'\nL3-511或L3-502',NULL,'2020-2021-2','松山湖'),(315,'Linux原理与应用','3.5','4','14','56','专业必修课','考试','计算机学院','2018级软件工程插本7',NULL,NULL,'张茁弘','岳艺欣',NULL,NULL,'\nL3-511或L3-502',NULL,'2020-2021-2','松山湖'),(316,'Linux原理与应用','3.5','4','14','56','专业必修课','考试','计算机学院','2018级软件工程插本8',NULL,NULL,'张茁弘','岳艺欣',NULL,NULL,'\nL3-511或L3-502',NULL,'2020-2021-2','松山湖'),(317,'Matlab','2','3','11','33','任选课','考查','计算机学院','2019级网络工程本科1',NULL,'34','李丁','李丁',NULL,NULL,'机房或云桌面',NULL,'2020-2021-2','松山湖'),(318,'Matlab','2','3','11','33','任选课','考查','计算机学院','2019级网络工程本科2',NULL,'41','李丁','李丁',NULL,NULL,'机房或云桌面',NULL,'2020-2021-2','松山湖'),(319,'NoSQL数据库技术','3.5','4','14','56','专业必修课','考试','计算机学院','2019级数据科学与大数据技术本科1',NULL,NULL,'李亚楠','李亚楠',NULL,NULL,'机房或云桌面',NULL,'2020-2021-2','松山湖'),(320,'NoSQL数据库技术','3.5','4','14','56','专业必修课','考试','计算机学院','2019级数据科学与大数据技术本科2',NULL,NULL,'李亚楠','李亚楠',NULL,NULL,'机房或云桌面',NULL,'2020-2021-2','松山湖'),(321,'NoSQL数据库技术','3.5','4','14','56','专业必修课','考试','计算机学院','2019级数据科学与大数据技术本科3',NULL,NULL,'毕从娣','李亚楠',NULL,NULL,'机房或云桌面',NULL,'2020-2021-2','松山湖'),(322,'NoSQL数据库技术','3.5','4','14','56','专业必修课','考试','计算机学院','2019级数据科学与大数据技术本科4',NULL,NULL,'毕从娣','李亚楠',NULL,NULL,'机房或云桌面',NULL,'2020-2021-2','松山湖'),(323,'NoSQL数据库技术','3.5','4','14','56','专业必修课','考试','计算机学院','2019级数据科学与大数据技术本科5',NULL,NULL,'张晨强','李亚楠',NULL,NULL,'机房或云桌面',NULL,'2020-2021-2','松山湖'),(324,'NoSQL数据库技术','3.5','4','14','56','专业必修课','考试','计算机学院','2019级数据科学与大数据技术本科6',NULL,NULL,'张晨强','李亚楠',NULL,NULL,'机房或云桌面',NULL,'2020-2021-2','松山湖'),(325,'NoSQL数据库课程设计','1','20','1','20','专项实践课','考查','计算机学院','2019级数据科学与大数据技术本科1',NULL,NULL,'李亚楠','李亚楠',NULL,NULL,NULL,NULL,'2020-2021-2','松山湖'),(326,'NoSQL数据库课程设计','1','20','1','20','专项实践课','考查','计算机学院','2019级数据科学与大数据技术本科2',NULL,NULL,'李亚楠','李亚楠',NULL,NULL,NULL,NULL,'2020-2021-2','松山湖'),(327,'NoSQL数据库课程设计','1','20','1','20','专项实践课','考查','计算机学院','2019级数据科学与大数据技术本科3',NULL,NULL,'毕从娣','李亚楠',NULL,NULL,NULL,NULL,'2020-2021-2','松山湖'),(328,'NoSQL数据库课程设计','1','20','1','20','专项实践课','考查','计算机学院','2019级数据科学与大数据技术本科4',NULL,NULL,'毕从娣','李亚楠',NULL,NULL,NULL,NULL,'2020-2021-2','松山湖'),(329,'NoSQL数据库课程设计','1','20','1','20','专项实践课','考查','计算机学院','2019级数据科学与大数据技术本科5',NULL,NULL,'张晨强','李亚楠',NULL,NULL,NULL,NULL,'2020-2021-2','松山湖'),(330,'NoSQL数据库课程设计','1','20','1','20','专项实践课','考查','计算机学院','2019级数据科学与大数据技术本科6',NULL,NULL,'张晨强','李亚楠',NULL,NULL,NULL,NULL,'2020-2021-2','松山湖'),(331,'Oracle基础与应用','2','3','11','33','任选课','考查','计算机学院','2018级软件工程插本1、8',NULL,'8+46','侯晓燕','侯晓燕',NULL,NULL,'机房或云桌面',NULL,'2020-2021-2','松山湖'),(332,'Oracle基础与应用','2','3','11','33','任选课','考查','计算机学院','2018级软件工程插本2、4',NULL,'15+33','侯晓燕','侯晓燕',NULL,NULL,'机房或云桌面',NULL,'2020-2021-2','松山湖'),(333,'Oracle基础与应用','2','3','11','33','任选课','考查','计算机学院','2018级软件工程插本3、5',NULL,'23+29','侯晓燕','侯晓燕',NULL,NULL,'机房或云桌面',NULL,'2020-2021-2','松山湖'),(334,'Oracle基础与应用','2','3','11','33','任选课','考查','计算机学院','2018级软件工程插本6、7',NULL,'19+31','侯晓燕','侯晓燕',NULL,NULL,'机房或云桌面',NULL,'2020-2021-2','松山湖'),(335,'PHP程序设计','4','5','13','65','组选课-3','考试','计算机学院','2019级软件工程本科1-12班',NULL,'42','李培培','李培培',NULL,NULL,'机房或云桌面',NULL,'2020-2021-2','松山湖'),(336,'PHP程序设计','4','4','16','64','专业限选课','考查','计算机学院','2019级软件技术专科1、4',NULL,'28+29','李培培','王洪元',NULL,NULL,'机房或云桌面',NULL,'2020-2021-2','松山湖'),(337,'PHP程序设计','4','4','16','64','专业限选课','考查','计算机学院','2019级软件技术专科2',NULL,'31','李培培','王洪元',NULL,NULL,'机房或云桌面',NULL,'2020-2021-2','松山湖'),(338,'PHP程序设计','4','4','16','64','专业限选课','考查','计算机学院','2019级软件技术专科3',NULL,'42','王洪元','王洪元',NULL,NULL,'机房或云桌面',NULL,'2020-2021-2','松山湖'),(339,'PHP课程设计','2','20','2','40','专项实践课','考查','计算机学院','2019级软件工程本科1-12班',NULL,'42','李培培','李培培',NULL,NULL,NULL,NULL,'2020-2021-2','松山湖'),(340,'PHP框架技术','4','4','15','60','基础必修课','考查','计算机学院','2019级计算机应用技术专科1',NULL,NULL,'张露娟','张露娟',NULL,NULL,'机房或云桌面',NULL,'2020-2021-2','松山湖'),(341,'PHP框架技术','4','4','15','60','基础必修课','考查','计算机学院','2019级计算机应用技术专科2',NULL,NULL,'张露娟','张露娟',NULL,NULL,'机房或云桌面',NULL,'2020-2021-2','松山湖'),(342,'PHP框架技术','4','4','15','60','基础必修课','考查','计算机学院','2019级计算机应用技术专科3',NULL,NULL,'张露娟','张露娟',NULL,NULL,'机房或云桌面',NULL,'2020-2021-2','松山湖'),(343,'PHP框架技术','4','4','15','60','基础必修课','考查','计算机学院','2019级计算机应用技术专科4',NULL,NULL,'王洪元','张露娟',NULL,NULL,'机房或云桌面',NULL,'2020-2021-2','松山湖'),(344,'PHP框架技术','4','4','15','60','基础必修课','考查','计算机学院','2019级计算机应用技术专科5',NULL,NULL,'王洪元','张露娟',NULL,NULL,'机房或云桌面',NULL,'2020-2021-2','松山湖'),(345,'PHP综合应用','1','20','1','20','实训课','考查','计算机学院','2019级计算机应用技术专科1',NULL,NULL,'张露娟','张露娟',NULL,NULL,NULL,NULL,'2020-2021-2','松山湖'),(346,'PHP综合应用','1','20','1','20','实训课','考查','计算机学院','2019级计算机应用技术专科2',NULL,NULL,'张露娟','张露娟',NULL,NULL,NULL,NULL,'2020-2021-2','松山湖'),(347,'PHP综合应用','1','20','1','20','实训课','考查','计算机学院','2019级计算机应用技术专科3',NULL,NULL,'张露娟','张露娟',NULL,NULL,NULL,NULL,'2020-2021-2','松山湖'),(348,'PHP综合应用','1','20','1','20','实训课','考查','计算机学院','2019级计算机应用技术专科4',NULL,NULL,'王洪元','张露娟',NULL,NULL,NULL,NULL,'2020-2021-2','松山湖'),(349,'PHP综合应用','1','20','1','20','实训课','考查','计算机学院','2019级计算机应用技术专科5',NULL,NULL,'王洪元','张露娟',NULL,NULL,NULL,NULL,'2020-2021-2','松山湖'),(350,'Python编程基础','2','3','11','33','任选课','考查','计算机学院','2019级网络工程本科1',NULL,'56','程庆贺','程庆贺',NULL,NULL,'机房或云桌面',NULL,'2020-2021-2','松山湖'),(351,'Python编程基础','2','3','11','33','任选课','考查','计算机学院','2019级网络工程本科2',NULL,'58','程庆贺','程庆贺',NULL,NULL,'机房或云桌面',NULL,'2020-2021-2','松山湖'),(352,'Python程序设计','2','2','13','26','任选课','考查','计算机学院','2019级软件工程本科1',NULL,'47','马丽君','王智慧',NULL,NULL,'机房或云桌面',NULL,'2020-2021-2','松山湖'),(353,'Python程序设计','2','2','13','26','任选课','考查','计算机学院','2019级软件工程本科10',NULL,'42','李冬婷','王智慧',NULL,NULL,'机房或云桌面',NULL,'2020-2021-2','松山湖'),(354,'Python程序设计','2','2','13','26','任选课','考查','计算机学院','2019级软件工程本科11',NULL,'46','李冬婷','王智慧',NULL,NULL,'机房或云桌面',NULL,'2020-2021-2','松山湖'),(355,'Python程序设计','2','2','13','26','任选课','考查','计算机学院','2019级软件工程本科12',NULL,'53','李冬婷','王智慧',NULL,NULL,'机房或云桌面',NULL,'2020-2021-2','松山湖'),(356,'Python程序设计','2','2','13','26','任选课','考查','计算机学院','2019级软件工程本科2',NULL,'44','马丽君','王智慧',NULL,NULL,'机房或云桌面',NULL,'2020-2021-2','松山湖'),(357,'Python程序设计','2','2','13','26','任选课','考查','计算机学院','2019级软件工程本科3',NULL,'34','马丽君','王智慧',NULL,NULL,'机房或云桌面',NULL,'2020-2021-2','松山湖'),(358,'Python程序设计','2','2','13','26','任选课','考查','计算机学院','2019级软件工程本科4',NULL,'37','马丽君','王智慧',NULL,NULL,'机房或云桌面',NULL,'2020-2021-2','松山湖'),(359,'Python程序设计','2','2','13','26','任选课','考查','计算机学院','2019级软件工程本科5',NULL,'43','李冬婷','王智慧',NULL,NULL,'机房或云桌面',NULL,'2020-2021-2','松山湖'),(360,'Python程序设计','2','2','13','26','任选课','考查','计算机学院','2019级软件工程本科6',NULL,'50','王智慧','王智慧',NULL,NULL,'机房或云桌面',NULL,'2020-2021-2','松山湖'),(361,'Python程序设计','2','2','13','26','任选课','考查','计算机学院','2019级软件工程本科7',NULL,'52','王智慧','王智慧',NULL,NULL,'机房或云桌面',NULL,'2020-2021-2','松山湖'),(362,'Python程序设计','2','2','13','26','任选课','考查','计算机学院','2019级软件工程本科8',NULL,'45','金壮','王智慧',NULL,NULL,'机房或云桌面',NULL,'2020-2021-2','松山湖'),(363,'Python程序设计','2','2','13','26','任选课','考查','计算机学院','2019级软件工程本科9',NULL,'50','金壮','王智慧',NULL,NULL,'机房或云桌面',NULL,'2020-2021-2','松山湖'),(364,'Vue框架','5','5','16','80','必修课','考试','计算机学院','2019级计算机应用技术专科1',NULL,NULL,'雷秦川','雷秦川',NULL,NULL,'机房或云桌面',NULL,'2020-2021-2','松山湖'),(365,'Vue框架','5','5','16','80','必修课','考试','计算机学院','2019级计算机应用技术专科2',NULL,NULL,'雷秦川','雷秦川',NULL,NULL,'机房或云桌面',NULL,'2020-2021-2','松山湖'),(366,'Vue框架','5','5','16','80','必修课','考试','计算机学院','2019级计算机应用技术专科3',NULL,NULL,'唐豪','雷秦川',NULL,NULL,'机房或云桌面',NULL,'2020-2021-2','松山湖'),(367,'Vue框架','5','5','16','80','必修课','考试','计算机学院','2019级计算机应用技术专科4',NULL,NULL,'唐豪','雷秦川',NULL,NULL,'机房或云桌面',NULL,'2020-2021-2','松山湖'),(368,'Vue框架','5','5','16','80','必修课','考试','计算机学院','2019级计算机应用技术专科5',NULL,NULL,'唐豪','雷秦川',NULL,NULL,'机房或云桌面',NULL,'2020-2021-2','松山湖'),(369,'Vue框架综合应用','1','20','1','20','实训课','考查','计算机学院','2019级计算机应用技术专科1',NULL,NULL,'雷秦川','雷秦川',NULL,NULL,NULL,NULL,'2020-2021-2','松山湖'),(370,'Vue框架综合应用','1','20','1','20','实训课','考查','计算机学院','2019级计算机应用技术专科2',NULL,NULL,'黄刚','雷秦川',NULL,NULL,NULL,NULL,'2020-2021-2','松山湖'),(371,'Vue框架综合应用','1','20','1','20','实训课','考查','计算机学院','2019级计算机应用技术专科3',NULL,NULL,'黄刚','雷秦川',NULL,NULL,NULL,NULL,'2020-2021-2','松山湖'),(372,'Vue框架综合应用','1','20','1','20','实训课','考查','计算机学院','2019级计算机应用技术专科4',NULL,NULL,'武焕勤','雷秦川',NULL,NULL,NULL,NULL,'2020-2021-2','松山湖'),(373,'Vue框架综合应用','1','20','1','20','实训课','考查','计算机学院','2019级计算机应用技术专科5',NULL,NULL,'唐豪','雷秦川',NULL,NULL,NULL,NULL,'2020-2021-2','松山湖'),(374,'Webpack','4','4','15','60','专业限选课','考查','计算机学院','2019级计算机应用技术专科1',NULL,NULL,'朱鹏','朱鹏',NULL,NULL,'机房或云桌面',NULL,'2020-2021-2','松山湖'),(375,'Webpack','4','4','15','60','专业限选课','考查','计算机学院','2019级计算机应用技术专科2',NULL,NULL,'朱鹏','朱鹏',NULL,NULL,'机房或云桌面',NULL,'2020-2021-2','松山湖'),(376,'Webpack','4','4','15','60','专业限选课','考查','计算机学院','2019级计算机应用技术专科3',NULL,NULL,'朱鹏','朱鹏',NULL,NULL,'机房或云桌面',NULL,'2020-2021-2','松山湖'),(377,'Webpack','4','4','15','60','专业限选课','考查','计算机学院','2019级计算机应用技术专科4',NULL,NULL,'施凯程','朱鹏',NULL,NULL,'机房或云桌面',NULL,'2020-2021-2','松山湖'),(378,'Webpack','4','4','15','60','专业限选课','考查','计算机学院','2019级计算机应用技术专科5',NULL,NULL,'施凯程','朱鹏',NULL,NULL,'机房或云桌面',NULL,'2020-2021-2','松山湖'),(379,'办公自动化','2','2','15','30','任选课','考查','计算机学院','2020级数据科学与大数据技术本科1、3',NULL,'23+24','郑月月','郑月月',NULL,NULL,'机房或云桌面',NULL,'2020-2021-2','松山湖'),(380,'办公自动化','2','2','15','30','任选课','考查','计算机学院','2020级数据科学与大数据技术本科2、5',NULL,'17+37','郑月月','郑月月',NULL,NULL,'机房或云桌面',NULL,'2020-2021-2','松山湖'),(381,'办公自动化','2','2','15','30','任选课','考查','计算机学院','2020级数据科学与大数据技术本科4',NULL,'41','郑月月','郑月月',NULL,NULL,'机房或云桌面',NULL,'2020-2021-2','松山湖'),(382,'操作系统课程设计','1','20','1','20','专项实践课','考查','计算机学院','2019级网络工程本科1',NULL,NULL,'郭文丰','郭文丰',NULL,NULL,NULL,NULL,'2020-2021-2','松山湖'),(383,'操作系统课程设计','1','20','1','20','专项实践课','考查','计算机学院','2019级网络工程本科2',NULL,NULL,'郭文丰','郭文丰',NULL,NULL,NULL,NULL,'2020-2021-2','松山湖'),(384,'操作系统原理','3','3','14','42','基础必修课','考试','计算机学院','2019级软件工程本科1',NULL,NULL,'郭文丰','马汝成',NULL,NULL,'多媒体',NULL,'2020-2021-2','松山湖'),(385,'操作系统原理','3','3','14','42','基础必修课','考试','计算机学院','2019级软件工程本科10',NULL,NULL,'马汝成','马汝成',NULL,NULL,'多媒体',NULL,'2020-2021-2','松山湖'),(386,'操作系统原理','3','3','14','42','基础必修课','考试','计算机学院','2019级软件工程本科11',NULL,NULL,'马汝成','马汝成',NULL,NULL,'多媒体',NULL,'2020-2021-2','松山湖'),(387,'操作系统原理','3','3','14','42','基础必修课','考试','计算机学院','2019级软件工程本科12',NULL,NULL,'马汝成','马汝成',NULL,NULL,'多媒体',NULL,'2020-2021-2','松山湖'),(388,'操作系统原理','3','3','14','42','基础必修课','考试','计算机学院','2019级软件工程本科2',NULL,NULL,'施凯程','马汝成',NULL,NULL,'多媒体',NULL,'2020-2021-2','松山湖'),(389,'操作系统原理','3','3','14','42','基础必修课','考试','计算机学院','2019级软件工程本科3',NULL,NULL,'施凯程','马汝成',NULL,NULL,'多媒体',NULL,'2020-2021-2','松山湖'),(390,'操作系统原理','3','3','14','42','基础必修课','考试','计算机学院','2019级软件工程本科4',NULL,NULL,'刘欣','马汝成',NULL,NULL,'多媒体',NULL,'2020-2021-2','松山湖'),(391,'操作系统原理','3','3','14','42','基础必修课','考试','计算机学院','2019级软件工程本科5',NULL,NULL,'刘欣','马汝成',NULL,NULL,'多媒体',NULL,'2020-2021-2','松山湖'),(392,'操作系统原理','3','3','14','42','基础必修课','考试','计算机学院','2019级软件工程本科6',NULL,NULL,'陈婧','马汝成',NULL,NULL,'多媒体',NULL,'2020-2021-2','松山湖'),(393,'操作系统原理','3','3','14','42','基础必修课','考试','计算机学院','2019级软件工程本科7',NULL,NULL,'陈婧','马汝成',' ',NULL,'多媒体',NULL,'2020-2021-2','松山湖'),(394,'操作系统原理','3','3','14','42','基础必修课','考试','计算机学院','2019级软件工程本科8',NULL,NULL,'陈婧','马汝成',NULL,NULL,'多媒体',NULL,'2020-2021-2','松山湖'),(395,'操作系统原理','3','3','14','42','基础必修课','考试','计算机学院','2019级软件工程本科9',NULL,NULL,'马汝成','马汝成',NULL,NULL,'多媒体',NULL,'2020-2021-2','松山湖'),(396,'操作系统原理','4','4','14','56','基础必修课','考试','计算机学院','2019级网络工程本科1',NULL,NULL,'郭文丰','郭文丰',NULL,NULL,'多媒体',NULL,'2020-2021-2','松山湖'),(397,'操作系统原理','4','4','14','56','基础必修课','考试','计算机学院','2019级网络工程本科2',NULL,NULL,'郭文丰','郭文丰',NULL,NULL,'多媒体',NULL,'2020-2021-2','松山湖'),(398,'程序员证','2','2','15','30','考证课','考查','计算机学院','2019级计算机应用技术专科1',NULL,NULL,'田洁','田洁',NULL,NULL,'多媒体',NULL,'2020-2021-2','松山湖'),(399,'程序员证','2','2','15','30','考证课','考查','计算机学院','2019级计算机应用技术专科2',NULL,NULL,'田洁','田洁',NULL,NULL,'多媒体',NULL,'2020-2021-2','松山湖'),(400,'程序员证','2','2','15','30','考证课','考查','计算机学院','2019级计算机应用技术专科3',NULL,NULL,'田洁','田洁',NULL,NULL,'多媒体',NULL,'2020-2021-2','松山湖'),(401,'程序员证','2','2','15','30','考证课','考查','计算机学院','2019级计算机应用技术专科4',NULL,NULL,'田洁','田洁',NULL,NULL,'多媒体',NULL,'2020-2021-2','松山湖'),(402,'程序员证','2','2','15','30','考证课','考查','计算机学院','2019级计算机应用技术专科5',NULL,NULL,'田洁','田洁',NULL,NULL,'多媒体',NULL,'2020-2021-2','松山湖'),(403,'程序员证','2','2','16','32','考证课','考查','计算机学院','2019级软件技术专科1',NULL,NULL,'田洁','田洁',NULL,NULL,'多媒体',NULL,'2020-2021-2','松山湖'),(404,'程序员证','2','2','16','32','考证课','考查','计算机学院','2019级软件技术专科2',NULL,NULL,'黄鹏腾','田洁',NULL,NULL,'多媒体',NULL,'2020-2021-2','松山湖'),(405,'程序员证','2','2','16','32','考证课','考查','计算机学院','2019级软件技术专科3',NULL,NULL,'黄鹏腾','田洁',NULL,NULL,'多媒体',NULL,'2020-2021-2','松山湖'),(406,'程序员证','2','2','16','32','考证课','考查','计算机学院','2019级软件技术专科4',NULL,NULL,'黄鹏腾','田洁',NULL,NULL,'多媒体',NULL,'2020-2021-2','松山湖'),(407,'单片机技术基础','2','3','11','33','任选课','考查','计算机学院','2019级物联网工程本科1',NULL,'50','于伟','于伟',NULL,NULL,'机房或云桌面',NULL,'2020-2021-2','松山湖'),(408,'单片机技术基础','2','3','11','33','任选课','考查','计算机学院','2019级物联网工程本科2',NULL,'41','于伟','于伟',NULL,NULL,'机房或云桌面',NULL,'2020-2021-2','松山湖'),(409,'单片机技术基础','2','3','11','33','任选课','考查','计算机学院','2019级物联网工程本科3',NULL,'48','于伟','于伟',NULL,NULL,'机房或云桌面',NULL,'2020-2021-2','松山湖'),(410,'电路板设计与制作','2','3','11','33','任选课','考查','计算机学院','2019级物联网工程本科1、2、3',NULL,'24+17+15','于伟','于伟',NULL,NULL,'机房或云桌面',NULL,'2020-2021-2','松山湖'),(411,'动态网页设计','3','3','15','45','专业限选课','考查','计算机学院','2019级计算机网络技术专科1',NULL,'40','柳子来','柳子来',NULL,NULL,'机房或云桌面',NULL,'2020-2021-2','松山湖'),(412,'动态网页设计','3','3','15','45','专业限选课','考查','计算机学院','2019级计算机网络技术专科2',NULL,'45','柳子来','柳子来',NULL,NULL,'机房或云桌面',NULL,'2020-2021-2','松山湖'),(413,'多媒体应用技术','2','2','15','30','任选课','考查','计算机学院','2020级数据科学与大数据技术本科1',NULL,'46','李姗姗','李姗姗',NULL,NULL,'机房或云桌面',NULL,'2020-2021-2','松山湖'),(414,'多媒体应用技术','2','2','15','30','任选课','考查','计算机学院','2020级数据科学与大数据技术本科2',NULL,'41','李姗姗','李姗姗',NULL,NULL,'机房或云桌面',NULL,'2020-2021-2','松山湖'),(415,'多媒体应用技术','2','2','15','30','任选课','考查','计算机学院','2020级数据科学与大数据技术本科3',NULL,'29','李姗姗','李姗姗',NULL,NULL,'机房或云桌面',NULL,'2020-2021-2','松山湖'),(416,'多媒体应用技术','2','2','15','30','任选课','考查','计算机学院','2020级数据科学与大数据技术本科4',NULL,'47','李姗姗','李姗姗',NULL,NULL,'机房或云桌面',NULL,'2020-2021-2','松山湖'),(417,'多媒体应用技术','2','2','15','30','任选课','考查','计算机学院','2020级数据科学与大数据技术本科5',NULL,'36','李姗姗','李姗姗',NULL,NULL,'机房或云桌面',NULL,'2020-2021-2','松山湖'),(418,'机器学习基础','2','3','11','33','任选课','考查','计算机学院','2019级信息管理与信息系统本科1',NULL,NULL,'关向科','关向科',NULL,NULL,'机房或云桌面',NULL,'2020-2021-2','松山湖'),(419,'机器学习基础','2','3','11','33','任选课','考查','计算机学院','2019级信息管理与信息系统本科2',NULL,NULL,'关向科','关向科',NULL,NULL,'机房或云桌面',NULL,'2020-2021-2','松山湖'),(420,'计算机基础','3','3','16','48','公共必修课','考试','计算机学院','2020级产品设计本科1',NULL,NULL,'李丁','田洁',NULL,NULL,'机房或云桌面',NULL,'2020-2021-2','松山湖'),(421,'计算机基础','3','3','16','48','公共必修课','考试','计算机学院','2020级电气自动化技术专科1',NULL,NULL,'李志慧','田洁',NULL,NULL,'机房或云桌面',NULL,'2020-2021-2','松山湖'),(422,'计算机基础','3','3','16','48','公共必修课','考试','计算机学院','2020级翻译本科1',NULL,NULL,'武焕勤','田洁',NULL,NULL,'机房或云桌面',NULL,'2020-2021-2','松山湖'),(423,'计算机基础','3','3','16','48','公共必修课','考试','计算机学院','2020级翻译本科2',NULL,NULL,'张婷婷','田洁',NULL,NULL,'机房或云桌面',NULL,'2020-2021-2','松山湖'),(424,'计算机基础','3','3','16','48','公共必修课','考试','计算机学院','2020级环境设计本科1',NULL,NULL,'王雯','田洁',NULL,NULL,'机房或云桌面',NULL,'2020-2021-2','松山湖'),(425,'计算机基础','3','3','16','48','公共必修课','考试','计算机学院','2020级环境设计本科2',NULL,NULL,'何宗刚','田洁',NULL,NULL,'机房或云桌面',NULL,'2020-2021-2','松山湖'),(426,'计算机基础','3','3','16','48','公共必修课','考试','计算机学院','2020级环境设计本科3',NULL,NULL,'于伟','田洁',NULL,NULL,'机房或云桌面',NULL,'2020-2021-2','松山湖'),(427,'计算机基础','3','3','16','48','公共必修课','考试','计算机学院','2020级机电一体化技术专科1',NULL,NULL,'李志慧','田洁',NULL,NULL,'机房或云桌面',NULL,'2020-2021-2','松山湖'),(428,'计算机基础','3','3','16','48','公共必修课','考试','计算机学院','2020级机电一体化技术专科2',NULL,NULL,'毛袤宇','田洁',NULL,NULL,'机房或云桌面',NULL,'2020-2021-2','松山湖'),(429,'计算机基础','3','3','16','48','公共必修课','考试','计算机学院','2020级日语本科1',NULL,NULL,'姜柄春','田洁',NULL,NULL,'机房或云桌面',NULL,'2020-2021-2','松山湖'),(430,'计算机基础','3','3','16','48','公共必修课','考试','计算机学院','2020级日语本科2',NULL,NULL,'姜柄春','田洁',NULL,NULL,'机房或云桌面',NULL,'2020-2021-2','松山湖'),(431,'计算机基础','3','3','16','48','公共必修课','考试','计算机学院','2020级日语本科3',NULL,NULL,'罗擎忆','田洁',NULL,NULL,'机房或云桌面',NULL,'2020-2021-2','松山湖'),(432,'计算机基础','3','3','16','48','公共必修课','考试','计算机学院','2020级商务英语本科1',NULL,NULL,'张一萱','田洁',NULL,NULL,'机房或云桌面',NULL,'2020-2021-2','松山湖'),(433,'计算机基础','3','3','16','48','公共必修课','考试','计算机学院','2020级商务英语本科2',NULL,NULL,'陈楠','田洁',NULL,NULL,'机房或云桌面',NULL,'2020-2021-2','松山湖'),(434,'计算机基础','3','3','16','48','公共必修课','考试','计算机学院','2020级商务英语本科3',NULL,NULL,'李启骞','田洁',NULL,NULL,'机房或云桌面',NULL,'2020-2021-2','松山湖'),(435,'计算机基础','3','3','16','48','公共必修课','考试','计算机学院','2020级商务英语本科4',NULL,NULL,'程庆贺','田洁',NULL,NULL,'机房或云桌面',NULL,'2020-2021-2','松山湖'),(436,'计算机基础','3','3','16','48','公共必修课','考试','计算机学院','2020级视觉传达设计本科1',NULL,NULL,'程庆贺','田洁',NULL,NULL,'机房或云桌面',NULL,'2020-2021-2','松山湖'),(437,'计算机基础','3','3','16','48','公共必修课','考试','计算机学院','2020级视觉传达设计本科2',NULL,NULL,'毛袤宇','田洁',NULL,NULL,'机房或云桌面',NULL,'2020-2021-2','松山湖'),(438,'计算机基础','3','3','16','48','公共必修课','考试','计算机学院','2020级视觉传达设计本科3',NULL,NULL,'何员子','田洁',NULL,NULL,'机房或云桌面',NULL,'2020-2021-2','松山湖'),(439,'计算机基础','3','3','16','48','公共必修课','考试','计算机学院','2020级视觉传达设计本科4',NULL,NULL,'袁博','田洁',NULL,NULL,'机房或云桌面',NULL,'2020-2021-2','松山湖'),(440,'计算机基础','3','3','16','48','公共必修课','考试','计算机学院','2020级视觉传达设计本科5',NULL,NULL,'张晨强','田洁',NULL,NULL,'机房或云桌面',NULL,'2020-2021-2','松山湖'),(441,'计算机基础','3','3','16','48','公共必修课','考试','计算机学院','2020级视觉传达设计本科6',NULL,NULL,'张晨强','田洁',NULL,NULL,'机房或云桌面',NULL,'2020-2021-2','松山湖'),(442,'计算机基础','3','3','16','48','公共必修课','考试','计算机学院','2020级视觉传达设计本科7',NULL,NULL,'黄刚','田洁',NULL,NULL,'机房或云桌面',NULL,'2020-2021-2','松山湖'),(443,'计算机基础','3','3','16','48','公共必修课','考试','计算机学院','2020级数字媒体艺术本科1',NULL,NULL,'王雯','田洁',NULL,NULL,'机房或云桌面',NULL,'2020-2021-2','松山湖'),(444,'计算机基础','3','3','16','48','公共必修课','考试','计算机学院','2020级数字媒体艺术本科2',NULL,NULL,'田洁','田洁',NULL,NULL,'机房或云桌面',NULL,'2020-2021-2','松山湖'),(445,'计算机基础','3','3','16','48','公共必修课','考试','计算机学院','2020级数字媒体艺术本科3',NULL,NULL,'邱兹俏','田洁',NULL,NULL,'机房或云桌面',NULL,'2020-2021-2','松山湖'),(446,'计算机基础','3','3','16','48','公共必修课','考试','计算机学院','2020级英语3+1创新班本科1',NULL,NULL,'李启骞','田洁',NULL,NULL,'机房或云桌面',NULL,'2020-2021-2','松山湖'),(447,'计算机基础','3','3','16','48','公共必修课','考试','计算机学院','2020级英语本科1',NULL,NULL,'张婷婷','田洁',NULL,NULL,'机房或云桌面',NULL,'2020-2021-2','松山湖'),(448,'计算机基础','3','3','16','48','公共必修课','考试','计算机学院','2020级英语本科10',NULL,NULL,'张月月','田洁',NULL,NULL,'机房或云桌面',NULL,'2020-2021-2','松山湖'),(449,'计算机基础','3','3','16','48','公共必修课','考试','计算机学院','2020级英语本科2',NULL,NULL,'张婷婷','田洁',NULL,NULL,'机房或云桌面',NULL,'2020-2021-2','松山湖'),(450,'计算机基础','3','3','16','48','公共必修课','考试','计算机学院','2020级英语本科3',NULL,NULL,'贾小硕','田洁',NULL,NULL,'机房或云桌面',NULL,'2020-2021-2','松山湖'),(451,'计算机基础','3','3','16','48','公共必修课','考试','计算机学院','2020级英语本科4',NULL,NULL,'贾小硕','田洁',NULL,NULL,'机房或云桌面',NULL,'2020-2021-2','松山湖'),(452,'计算机基础','3','3','16','48','公共必修课','考试','计算机学院','2020级英语本科5',NULL,NULL,'侯晓燕','田洁',NULL,NULL,'机房或云桌面',NULL,'2020-2021-2','松山湖'),(453,'计算机基础','3','3','16','48','公共必修课','考试','计算机学院','2020级英语本科6',NULL,NULL,'谢备','田洁',NULL,NULL,'机房或云桌面',NULL,'2020-2021-2','松山湖'),(454,'计算机基础','3','3','16','48','公共必修课','考试','计算机学院','2020级英语本科7',NULL,NULL,'谢备','田洁',NULL,NULL,'机房或云桌面',NULL,'2020-2021-2','松山湖'),(455,'计算机基础','3','3','16','48','公共必修课','考试','计算机学院','2020级英语本科8',NULL,NULL,'管怡曼','田洁',NULL,NULL,'机房或云桌面',NULL,'2020-2021-2','松山湖'),(456,'计算机基础','3','3','16','48','公共必修课','考试','计算机学院','2020级英语本科9',NULL,NULL,'管怡曼','田洁',NULL,NULL,'机房或云桌面',NULL,'2020-2021-2','松山湖'),(457,'计算机网络','2','2','13','26','任选课','考查','计算机学院','2019级数据科学与大数据技术本科1',NULL,'47','吕治政','吕治政',NULL,NULL,'多媒体',NULL,'2020-2021-2','松山湖'),(458,'计算机网络','2','2','13','26','任选课','考查','计算机学院','2019级数据科学与大数据技术本科2',NULL,'47','吕治政','吕治政',NULL,NULL,'多媒体',NULL,'2020-2021-2','松山湖'),(459,'计算机网络','2','2','13','26','任选课','考查','计算机学院','2019级数据科学与大数据技术本科3',NULL,'47','吕治政','吕治政',NULL,NULL,'多媒体',NULL,'2020-2021-2','松山湖'),(460,'计算机网络','2','2','13','26','任选课','考查','计算机学院','2019级数据科学与大数据技术本科4',NULL,'48','吕治政','吕治政',NULL,NULL,'多媒体',NULL,'2020-2021-2','松山湖'),(461,'计算机网络','2','2','13','26','任选课','考查','计算机学院','2019级数据科学与大数据技术本科5',NULL,'45','吕治政','吕治政',NULL,NULL,'多媒体',NULL,'2020-2021-2','松山湖'),(462,'计算机网络','2','2','13','26','任选课','考查','计算机学院','2019级数据科学与大数据技术本科6',NULL,'48','吕治政','吕治政',NULL,NULL,'多媒体',NULL,'2020-2021-2','松山湖'),(463,'计算机网络','4','4','17','68','必修课','考试','计算机学院','2020级计算机网络技术专科1',NULL,NULL,'徐进','徐进',NULL,NULL,'多媒体',NULL,'2020-2021-2','松山湖'),(464,'计算机网络','4','4','17','68','必修课','考试','计算机学院','2020级计算机网络技术专科2',NULL,NULL,'徐进','徐进',NULL,NULL,'多媒体',NULL,'2020-2021-2','松山湖'),(465,'计算机网络技术','4','4','17','68','基础必修课','考试','计算机学院','2019级软件技术专科1',NULL,NULL,'高锦','徐进',NULL,NULL,'多媒体',NULL,'2020-2021-2','松山湖'),(466,'计算机网络技术','4','4','17','68','基础必修课','考试','计算机学院','2019级软件技术专科2',NULL,NULL,'高锦','徐进',NULL,NULL,'多媒体',NULL,'2020-2021-2','松山湖'),(467,'计算机网络技术','4','4','17','68','基础必修课','考试','计算机学院','2019级软件技术专科3',NULL,NULL,'高锦','徐进',NULL,NULL,'多媒体',NULL,'2020-2021-2','松山湖'),(468,'计算机网络技术','4','4','17','68','基础必修课','考试','计算机学院','2019级软件技术专科4',NULL,NULL,'徐进','徐进',NULL,NULL,'多媒体',NULL,'2020-2021-2','松山湖'),(469,'计算机网络课程设计','1','20','1','20','实训课','考查','计算机学院','2020级计算机网络技术专科1',NULL,NULL,'徐进','徐进',NULL,NULL,NULL,NULL,'2020-2021-2','松山湖'),(470,'计算机网络课程设计','1','20','1','20','实训课','考查','计算机学院','2020级计算机网络技术专科2',NULL,NULL,'徐进','徐进',NULL,NULL,NULL,NULL,'2020-2021-2','松山湖'),(471,'计算机组成原理','2','3','11','33','任选课','考查','计算机学院','2018级软件工程插本1',NULL,'37','许伦辉','陈楠',NULL,NULL,'L3-610',NULL,'2020-2021-2','松山湖'),(472,'计算机组成原理','2','3','11','33','任选课','考查','计算机学院','2018级软件工程插本2',NULL,'35','许伦辉','陈楠',NULL,NULL,'L3-610',NULL,'2020-2021-2','松山湖'),(473,'计算机组成原理','2','3','11','33','任选课','考查','计算机学院','2018级软件工程插本3、8',NULL,'26+27','陈楠','陈楠',NULL,NULL,'L3-610',NULL,'2020-2021-2','松山湖'),(474,'计算机组成原理','2','3','11','33','任选课','考查','计算机学院','2018级软件工程插本4、5',NULL,'16+31','陈楠','陈楠',NULL,NULL,'L3-610',NULL,'2020-2021-2','松山湖'),(475,'计算机组成原理','2','3','11','33','任选课','考查','计算机学院','2018级软件工程插本6',NULL,'32','陈楠','陈楠',NULL,NULL,'L3-610',NULL,'2020-2021-2','松山湖'),(476,'计算机组成原理','2','3','11','33','任选课','考查','计算机学院','2018级软件工程插本7',NULL,'44','陈楠','陈楠',NULL,NULL,'L3-610',NULL,'2020-2021-2','松山湖'),(477,'计算机组成原理','3','3','16','48','基础必修课','考查','计算机学院','2020级网络工程本科1',NULL,NULL,'兼职教师张丽娟','陈楠',NULL,'是','L3-610',NULL,'2020-2021-2','松山湖'),(478,'计算机组成原理','3','3','16','48','基础必修课','考查','计算机学院','2020级网络工程本科2',NULL,NULL,'兼职教师张丽娟','陈楠',NULL,'是','L3-610',NULL,'2020-2021-2','松山湖'),(479,'面向对象程序课程设计','2','20','2','40','专项实践课','考查','计算机学院','2019级信息管理与信息系统本科1',NULL,NULL,'邓超','邓超',NULL,NULL,NULL,NULL,'2020-2021-2','松山湖'),(480,'面向对象程序课程设计','2','20','2','40','专项实践课','考查','计算机学院','2019级信息管理与信息系统本科2',NULL,NULL,'邓超','邓超',NULL,NULL,NULL,NULL,'2020-2021-2','松山湖'),(481,'面向对象程序设计','3.5','4','13','52','基础必修课','考试','计算机学院','2019级信息管理与信息系统本科1',NULL,NULL,'邓超','邓超',NULL,NULL,'机房或云桌面',NULL,'2020-2021-2','松山湖'),(482,'面向对象程序设计','3.5','4','13','52','基础必修课','考试','计算机学院','2019级信息管理与信息系统本科2',NULL,NULL,'邓超','邓超',NULL,NULL,'机房或云桌面',NULL,'2020-2021-2','松山湖'),(483,'面向对象程序设计（Java）','3.5','4','14','56','基础必修课','考试','计算机学院','2019级数据科学与大数据技术本科1',NULL,NULL,'滕英岩','姚旭',NULL,NULL,'机房或云桌面',NULL,'2020-2021-2','松山湖'),(484,'面向对象程序设计（Java）','3.5','4','14','56','基础必修课','考试','计算机学院','2019级数据科学与大数据技术本科2',NULL,NULL,'滕英岩','姚旭',NULL,NULL,'机房或云桌面',NULL,'2020-2021-2','松山湖'),(485,'面向对象程序设计（Java）','3.5','4','14','56','基础必修课','考试','计算机学院','2019级数据科学与大数据技术本科3',NULL,NULL,'滕英岩','姚旭',NULL,NULL,'机房或云桌面',NULL,'2020-2021-2','松山湖'),(486,'面向对象程序设计（Java）','3.5','4','14','56','基础必修课','考试','计算机学院','2019级数据科学与大数据技术本科4',NULL,NULL,'姚旭','姚旭',NULL,NULL,'机房或云桌面',NULL,'2020-2021-2','松山湖'),(487,'面向对象程序设计（Java）','3.5','4','14','56','基础必修课','考试','计算机学院','2019级数据科学与大数据技术本科5',NULL,NULL,'姚旭','姚旭',NULL,NULL,'机房或云桌面',NULL,'2020-2021-2','松山湖'),(488,'面向对象程序设计（Java）','3.5','4','14','56','基础必修课','考试','计算机学院','2019级数据科学与大数据技术本科6',NULL,NULL,'袁叶倩','姚旭',NULL,NULL,'机房或云桌面',NULL,'2020-2021-2','松山湖'),(489,'面向对象课程设计','1','20','1','20','专项实践课','考查','计算机学院','2019级数据科学与大数据技术本科1',NULL,NULL,'滕英岩','姚旭',NULL,NULL,NULL,NULL,'2020-2021-2','松山湖'),(490,'面向对象课程设计','1','20','1','20','专项实践课','考查','计算机学院','2019级数据科学与大数据技术本科2',NULL,NULL,'滕英岩','姚旭',NULL,NULL,NULL,NULL,'2020-2021-2','松山湖'),(491,'面向对象课程设计','1','20','1','20','专项实践课','考查','计算机学院','2019级数据科学与大数据技术本科3',NULL,NULL,'滕英岩','姚旭',NULL,NULL,NULL,NULL,'2020-2021-2','松山湖'),(492,'面向对象课程设计','1','20','1','20','专项实践课','考查','计算机学院','2019级数据科学与大数据技术本科4',NULL,NULL,'姚旭','姚旭',NULL,NULL,NULL,NULL,'2020-2021-2','松山湖'),(493,'面向对象课程设计','1','20','1','20','专项实践课','考查','计算机学院','2019级数据科学与大数据技术本科5',NULL,NULL,'姚旭','姚旭',NULL,NULL,NULL,NULL,'2020-2021-2','松山湖'),(494,'面向对象课程设计','1','20','1','20','专项实践课','考查','计算机学院','2019级数据科学与大数据技术本科6',NULL,NULL,'姚旭','姚旭',NULL,NULL,NULL,NULL,'2020-2021-2','松山湖'),(495,'前端框架技术','2','2','13','26','任选课','考查','计算机学院','2019级软件工程本科1、2',NULL,'10+35','黄刚','黄刚',NULL,NULL,'机房或云桌面',NULL,'2020-2021-2','松山湖'),(496,'前端框架技术','2','2','13','26','任选课','考查','计算机学院','2019级软件工程本科3、4、5',NULL,'23+19+10','黄刚','黄刚',NULL,NULL,'机房或云桌面',NULL,'2020-2021-2','松山湖'),(497,'前端框架技术','2','2','13','26','任选课','考查','计算机学院','2019级软件工程本科6、7、8、12',NULL,'10+8+8+25','武焕勤','黄刚',NULL,NULL,'机房或云桌面',NULL,'2020-2021-2','松山湖'),(498,'前端框架技术','2','2','13','26','任选课','考查','计算机学院','2019级软件工程本科9、10、11',NULL,'19+19+7','武焕勤','黄刚',NULL,NULL,'机房或云桌面',NULL,'2020-2021-2','松山湖'),(499,'前端框架技术','4','4','16','64','专业限选课','考查','计算机学院','2019级软件技术专科1',NULL,'38','袁叶倩','武焕勤',NULL,NULL,'机房或云桌面',NULL,'2020-2021-2','松山湖'),(500,'前端框架技术','4','4','16','64','专业限选课','考查','计算机学院','2019级软件技术专科2',NULL,'37','黄刚','武焕勤',NULL,NULL,'机房或云桌面',NULL,'2020-2021-2','松山湖'),(501,'前端框架技术','4','4','16','64','专业限选课','考查','计算机学院','2019级软件技术专科3',NULL,'42','武焕勤','武焕勤',NULL,NULL,'机房或云桌面',NULL,'2020-2021-2','松山湖'),(502,'前端框架技术','4','4','16','64','专业限选课','考查','计算机学院','2019级软件技术专科4',NULL,'41','袁叶倩','武焕勤',NULL,NULL,'机房或云桌面',NULL,'2020-2021-2','松山湖'),(503,'嵌入式开发','4','4','16','64','专业限选课','考查','计算机学院','2019级软件技术专科1、3',NULL,'26+0','毛袤宇','毛袤宇',NULL,NULL,'机房或云桌面',NULL,'2020-2021-2','松山湖'),(504,'嵌入式开发','4','4','16','64','专业限选课','考查','计算机学院','2019级软件技术专科2、4',NULL,'22+24','毛袤宇','毛袤宇',NULL,NULL,'机房或云桌面',NULL,'2020-2021-2','松山湖'),(505,'软件测试技术','2','2','13','26','任选课','考查','计算机学院','2019级数据科学与大数据技术本科1',NULL,'39','管怡曼','管怡曼',NULL,NULL,'机房或云桌面',NULL,'2020-2021-2','松山湖'),(506,'软件测试技术','2','2','13','26','任选课','考查','计算机学院','2019级数据科学与大数据技术本科2',NULL,'49','孙梦琴','管怡曼',NULL,NULL,'机房或云桌面',NULL,'2020-2021-2','松山湖'),(507,'软件测试技术','2','2','13','26','任选课','考查','计算机学院','2019级数据科学与大数据技术本科3',NULL,'36','孙梦琴','管怡曼',NULL,NULL,'机房或云桌面',NULL,'2020-2021-2','松山湖'),(508,'软件测试技术','2','2','13','26','任选课','考查','计算机学院','2019级数据科学与大数据技术本科4',NULL,'44','管怡曼','管怡曼',NULL,NULL,'机房或云桌面',NULL,'2020-2021-2','松山湖'),(509,'软件测试技术','2','2','13','26','任选课','考查','计算机学院','2019级数据科学与大数据技术本科5',NULL,'48','管怡曼','管怡曼',NULL,NULL,'机房或云桌面',NULL,'2020-2021-2','松山湖'),(510,'软件测试技术','2','2','13','26','任选课','考查','计算机学院','2019级数据科学与大数据技术本科6',NULL,'48','管怡曼','管怡曼',NULL,NULL,'机房或云桌面',NULL,'2020-2021-2','松山湖'),(511,'软件工程','3.5','4','14','56','专业必修课','考试','计算机学院','2018级软件工程插本1',NULL,NULL,'唐欢','苏文龙',NULL,NULL,'多媒体',NULL,'2020-2021-2','松山湖'),(512,'软件工程','3.5','4','14','56','专业必修课','考试','计算机学院','2018级软件工程插本2',NULL,NULL,'唐欢','苏文龙',NULL,NULL,'多媒体',NULL,'2020-2021-2','松山湖'),(513,'软件工程','3.5','4','14','56','专业必修课','考试','计算机学院','2018级软件工程插本3',NULL,NULL,'唐欢','苏文龙',NULL,NULL,'多媒体',NULL,'2020-2021-2','松山湖'),(514,'软件工程','3.5','4','14','56','专业必修课','考试','计算机学院','2018级软件工程插本4',NULL,NULL,'唐欢','苏文龙',NULL,NULL,'多媒体',NULL,'2020-2021-2','松山湖'),(515,'软件工程','3.5','4','14','56','专业必修课','考试','计算机学院','2018级软件工程插本5',NULL,NULL,'郑月月','苏文龙',NULL,NULL,'多媒体',NULL,'2020-2021-2','松山湖'),(516,'软件工程','3.5','4','14','56','专业必修课','考试','计算机学院','2018级软件工程插本6',NULL,NULL,'郑月月','苏文龙',NULL,NULL,'多媒体',NULL,'2020-2021-2','松山湖'),(517,'软件工程','3.5','4','14','56','专业必修课','考试','计算机学院','2018级软件工程插本7',NULL,NULL,'苏文龙','苏文龙',NULL,NULL,'多媒体',NULL,'2020-2021-2','松山湖'),(518,'软件工程','3.5','4','14','56','专业必修课','考试','计算机学院','2018级软件工程插本8',NULL,NULL,'苏文龙','苏文龙',NULL,NULL,'多媒体',NULL,'2020-2021-2','松山湖'),(519,'软件设计师认证','2','3','11','33','任选课','考查','计算机学院','2018级软件工程插本1',NULL,'48','袁博','何建军',NULL,NULL,'多媒体',NULL,'2020-2021-2','松山湖'),(520,'软件设计师认证','2','3','11','33','任选课','考查','计算机学院','2018级软件工程插本2',NULL,'52','袁博','何建军',NULL,NULL,'多媒体',NULL,'2020-2021-2','松山湖'),(521,'软件设计师认证','2','3','11','33','任选课','考查','计算机学院','2018级软件工程插本3',NULL,'55','袁博','何建军',NULL,NULL,'多媒体',NULL,'2020-2021-2','松山湖'),(522,'软件设计师认证','2','3','11','33','任选课','考查','计算机学院','2018级软件工程插本4',NULL,'43','袁博','何建军',NULL,NULL,'多媒体',NULL,'2020-2021-2','松山湖'),(523,'软件设计师认证','2','3','11','33','任选课','考查','计算机学院','2018级软件工程插本5',NULL,'37','何建军','何建军',NULL,NULL,'多媒体',NULL,'2020-2021-2','松山湖'),(524,'软件设计师认证','2','3','11','33','任选课','考查','计算机学院','2018级软件工程插本6',NULL,'43','何建军','何建军',NULL,NULL,'多媒体',NULL,'2020-2021-2','松山湖'),(525,'软件设计师认证','2','3','11','33','任选课','考查','计算机学院','2018级软件工程插本7、8',NULL,'30+19','何建军','何建军',NULL,NULL,'多媒体',NULL,'2020-2021-2','松山湖'),(526,'软件设计师认证','2','2','13','26','任选课','考查','计算机学院','2019级软件工程本科1',NULL,'47','黄鹏腾','黄鹏腾',NULL,NULL,'多媒体',NULL,'2020-2021-2','松山湖'),(527,'软件设计师认证','2','2','13','26','任选课','考查','计算机学院','2019级软件工程本科10',NULL,'41','骆丽华','黄鹏腾',NULL,NULL,'多媒体',NULL,'2020-2021-2','松山湖'),(528,'软件设计师认证','2','2','13','26','任选课','考查','计算机学院','2019级软件工程本科11',NULL,'46','骆丽华','黄鹏腾',NULL,NULL,'多媒体',NULL,'2020-2021-2','松山湖'),(529,'软件设计师认证','2','2','13','26','任选课','考查','计算机学院','2019级软件工程本科2、12',NULL,'22+27','黄鹏腾','黄鹏腾',NULL,NULL,'多媒体',NULL,'2020-2021-2','松山湖'),(530,'软件设计师认证','2','2','13','26','任选课','考查','计算机学院','2019级软件工程本科3',NULL,'43','黄鹏腾','黄鹏腾',NULL,NULL,'多媒体',NULL,'2020-2021-2','松山湖'),(531,'软件设计师认证','2','2','13','26','任选课','考查','计算机学院','2019级软件工程本科4',NULL,'46','黄鹏腾','黄鹏腾',NULL,NULL,'多媒体',NULL,'2020-2021-2','松山湖'),(532,'软件设计师认证','2','2','13','26','任选课','考查','计算机学院','2019级软件工程本科5',NULL,'51','黄鹏腾','黄鹏腾',NULL,NULL,'多媒体',NULL,'2020-2021-2','松山湖'),(533,'软件设计师认证','2','2','13','26','任选课','考查','计算机学院','2019级软件工程本科6',NULL,'44','何建军','黄鹏腾',NULL,NULL,'多媒体',NULL,'2020-2021-2','松山湖'),(534,'软件设计师认证','2','2','13','26','任选课','考查','计算机学院','2019级软件工程本科7',NULL,'46','何建军','黄鹏腾',NULL,NULL,'多媒体',NULL,'2020-2021-2','松山湖'),(535,'软件设计师认证','2','2','13','26','任选课','考查','计算机学院','2019级软件工程本科8',NULL,'51','何建军','黄鹏腾',NULL,NULL,'多媒体',NULL,'2020-2021-2','松山湖'),(536,'软件设计师认证','2','2','13','26','任选课','考查','计算机学院','2019级软件工程本科9',NULL,'36','何建军','黄鹏腾',NULL,NULL,'多媒体',NULL,'2020-2021-2','松山湖'),(537,'数据结构','4','4','17','68','基础必修课','考试','计算机学院','2020级计算机网络技术专科1',NULL,NULL,'邱兹俏','邱兹俏',NULL,NULL,'机房或云桌面',NULL,'2020-2021-2','松山湖'),(538,'数据结构','4','4','17','68','基础必修课','考试','计算机学院','2020级计算机网络技术专科2',NULL,NULL,'邱兹俏','邱兹俏',NULL,NULL,'机房或云桌面',NULL,'2020-2021-2','松山湖'),(539,'数据结构','4','4','16','64','基础必修课','考试','计算机学院','2020级计算机应用技术专科1',NULL,NULL,'程庆贺','陈莉莉',NULL,NULL,'机房或云桌面',NULL,'2020-2021-2','松山湖'),(540,'数据结构','4','4','16','64','基础必修课','考试','计算机学院','2020级计算机应用技术专科2',NULL,NULL,'陈银星','陈莉莉',NULL,NULL,'机房或云桌面',NULL,'2020-2021-2','松山湖'),(541,'数据结构','4','4','16','64','基础必修课','考试','计算机学院','2020级计算机应用技术专科3',NULL,NULL,'陈银星','陈莉莉',NULL,NULL,'机房或云桌面',NULL,'2020-2021-2','松山湖'),(542,'数据结构','4','4','16','64','基础必修课','考试','计算机学院','2020级计算机应用技术专科4',NULL,NULL,'陈莉莉','陈莉莉',NULL,NULL,'机房或云桌面',NULL,'2020-2021-2','松山湖'),(543,'数据结构','4','4','16','64','基础必修课','考试','计算机学院','2020级计算机应用技术专科5',NULL,NULL,'陈莉莉','陈莉莉',NULL,NULL,'机房或云桌面',NULL,'2020-2021-2','松山湖'),(544,'数据结构','4.5','5','15','75','基础必修课','考试','计算机学院','2020级软件工程本科1',NULL,NULL,'李永宁','李永宁',NULL,NULL,'机房或云桌面',NULL,'2020-2021-2','松山湖'),(545,'数据结构','4.5','5','15','75','基础必修课','考试','计算机学院','2020级软件工程本科10',NULL,NULL,'李永宁','李永宁',NULL,NULL,NULL,NULL,'2020-2021-2','松山湖'),(546,'数据结构','4.5','5','15','75','基础必修课','考试','计算机学院','2020级软件工程本科2',NULL,NULL,'李永宁','李永宁',NULL,NULL,'机房或云桌面',NULL,'2020-2021-2','松山湖'),(547,'数据结构','4.5','5','15','75','基础必修课','考试','计算机学院','2020级软件工程本科3',NULL,NULL,'赵兴军','李永宁',NULL,NULL,'机房或云桌面',NULL,'2020-2021-2','松山湖'),(548,'数据结构','4.5','5','15','75','基础必修课','考试','计算机学院','2020级软件工程本科4',NULL,NULL,'赵兴军','李永宁',NULL,NULL,'机房或云桌面',NULL,'2020-2021-2','松山湖'),(549,'数据结构','4.5','5','15','75','基础必修课','考试','计算机学院','2020级软件工程本科5',NULL,NULL,'刁志坚','李永宁',NULL,NULL,'机房或云桌面',NULL,'2020-2021-2','松山湖'),(550,'数据结构','4.5','5','15','75','基础必修课','考试','计算机学院','2020级软件工程本科6',NULL,NULL,'刁志坚','李永宁',NULL,NULL,'机房或云桌面',NULL,'2020-2021-2','松山湖'),(551,'数据结构','4.5','5','15','75','基础必修课','考试','计算机学院','2020级软件工程本科7',NULL,NULL,'刁志坚','李永宁',NULL,NULL,'机房或云桌面',NULL,'2020-2021-2','松山湖'),(552,'数据结构','4.5','5','15','75','基础必修课','考试','计算机学院','2020级软件工程本科8',NULL,NULL,'樊吉亮','李永宁',NULL,NULL,'机房或云桌面',NULL,'2020-2021-2','松山湖'),(553,'数据结构','4.5','5','15','75','基础必修课','考试','计算机学院','2020级软件工程本科9',NULL,NULL,'樊吉亮','李永宁',NULL,NULL,'机房或云桌面',NULL,'2020-2021-2','松山湖'),(554,'数据结构','4','4','16','64','基础必修课','考试','计算机学院','2020级数据科学与大数据技术本科1',NULL,NULL,'李勇波','李勇波',NULL,NULL,'机房或云桌面',NULL,'2020-2021-2','松山湖'),(555,'数据结构','4','4','16','64','基础必修课','考试','计算机学院','2020级数据科学与大数据技术本科2',NULL,NULL,'李勇波','李勇波',NULL,NULL,'机房或云桌面',NULL,'2020-2021-2','松山湖'),(556,'数据结构','4','4','16','64','基础必修课','考试','计算机学院','2020级数据科学与大数据技术本科3',NULL,NULL,'李勇波','李勇波',NULL,NULL,'机房或云桌面',NULL,'2020-2021-2','松山湖'),(557,'数据结构','4','4','16','64','基础必修课','考试','计算机学院','2020级数据科学与大数据技术本科4',NULL,NULL,'王智慧','李勇波',NULL,NULL,'机房或云桌面',NULL,'2020-2021-2','松山湖'),(558,'数据结构','4','4','16','64','基础必修课','考试','计算机学院','2020级数据科学与大数据技术本科5',NULL,NULL,'王智慧','李勇波',NULL,NULL,'机房或云桌面',NULL,'2020-2021-2','松山湖'),(559,'数据结构','4','4','17','68','基础必修课','考试','计算机学院','2020级网络工程本科1',NULL,NULL,'张飞飞','张飞飞',NULL,NULL,'机房或云桌面',NULL,'2020-2021-2','松山湖'),(560,'数据结构','4','4','17','68','基础必修课','考试','计算机学院','2020级网络工程本科2',NULL,NULL,'张飞飞','张飞飞',NULL,NULL,'机房或云桌面',NULL,'2020-2021-2','松山湖'),(561,'数据结构','3.5','4','14','56','基础必修课','考试','计算机学院','2020级物联网工程本科1',NULL,NULL,'陈莉莉','孙梦琴',NULL,NULL,'机房或云桌面',NULL,'2020-2021-2','松山湖'),(562,'数据结构','3.5','4','14','56','基础必修课','考试','计算机学院','2020级物联网工程本科2',NULL,NULL,'孙梦琴','孙梦琴',NULL,NULL,'机房或云桌面',NULL,'2020-2021-2','松山湖'),(563,'数据结构','3.5','4','14','56','基础必修课','考试','计算机学院','2020级物联网工程本科3',NULL,NULL,'孙梦琴','孙梦琴',NULL,NULL,'机房或云桌面',NULL,'2020-2021-2','松山湖'),(564,'数据结构课程设计','1','20','1','20','实训课','考查','计算机学院','2020级计算机应用技术专科1',NULL,NULL,'程庆贺','陈莉莉',NULL,NULL,NULL,NULL,'2020-2021-2','松山湖'),(565,'数据结构课程设计','1','20','1','20','实训课','考查','计算机学院','2020级计算机应用技术专科2',NULL,NULL,'管怡曼','陈莉莉',NULL,NULL,NULL,NULL,'2020-2021-2','松山湖'),(566,'数据结构课程设计','1','20','1','20','实训课','考查','计算机学院','2020级计算机应用技术专科3',NULL,NULL,'陈银星','陈莉莉',NULL,NULL,NULL,NULL,'2020-2021-2','松山湖'),(567,'数据结构课程设计','1','20','1','20','实训课','考查','计算机学院','2020级计算机应用技术专科4',NULL,NULL,'陈莉莉','陈莉莉',NULL,NULL,NULL,NULL,'2020-2021-2','松山湖'),(568,'数据结构课程设计','1','20','1','20','实训课','考查','计算机学院','2020级计算机应用技术专科5',NULL,NULL,'陈莉莉','陈莉莉',NULL,NULL,NULL,NULL,'2020-2021-2','松山湖'),(569,'数据结构课程设计','2','20','2','40','专项实践课','考查','计算机学院','2020级软件工程本科1',NULL,NULL,'李永宁','李永宁',NULL,NULL,NULL,NULL,'2020-2021-2','松山湖'),(570,'数据结构课程设计','2','20','2','40','专项实践课','考查','计算机学院','2020级软件工程本科10',NULL,NULL,'孙梦琴','李永宁',NULL,NULL,NULL,NULL,'2020-2021-2','松山湖'),(571,'数据结构课程设计','2','20','2','40','专项实践课','考查','计算机学院','2020级软件工程本科2',NULL,NULL,'马汝成','李永宁',NULL,NULL,NULL,NULL,'2020-2021-2','松山湖'),(572,'数据结构课程设计','2','20','2','40','专项实践课','考查','计算机学院','2020级软件工程本科3',NULL,NULL,'赵兴军','李永宁',NULL,NULL,NULL,NULL,'2020-2021-2','松山湖'),(573,'数据结构课程设计','2','20','2','40','专项实践课','考查','计算机学院','2020级软件工程本科4',NULL,NULL,'赵兴军','李永宁',NULL,NULL,NULL,NULL,'2020-2021-2','松山湖'),(574,'数据结构课程设计','2','20','2','40','专项实践课','考查','计算机学院','2020级软件工程本科5',NULL,NULL,'刁志坚','李永宁',NULL,NULL,NULL,NULL,'2020-2021-2','松山湖'),(575,'数据结构课程设计','2','20','2','40','专项实践课','考查','计算机学院','2020级软件工程本科6',NULL,NULL,'马汝成','李永宁',NULL,NULL,NULL,NULL,'2020-2021-2','松山湖'),(576,'数据结构课程设计','2','20','2','40','专项实践课','考查','计算机学院','2020级软件工程本科7',NULL,NULL,'侯晓燕','李永宁',NULL,NULL,NULL,NULL,'2020-2021-2','松山湖'),(577,'数据结构课程设计','2','20','2','40','专项实践课','考查','计算机学院','2020级软件工程本科8',NULL,NULL,'樊吉亮','李永宁',NULL,NULL,NULL,NULL,'2020-2021-2','松山湖'),(578,'数据结构课程设计','2','20','2','40','专项实践课','考查','计算机学院','2020级软件工程本科9',NULL,NULL,'樊吉亮','李永宁',NULL,NULL,NULL,NULL,'2020-2021-2','松山湖'),(579,'数据结构课程设计','2','20','2','40','专项实践课','考查','计算机学院','2020级数据科学与大数据技术本科1',NULL,NULL,'李勇波','李勇波',NULL,NULL,NULL,NULL,'2020-2021-2','松山湖'),(580,'数据结构课程设计','2','20','2','40','专项实践课','考查','计算机学院','2020级数据科学与大数据技术本科2',NULL,NULL,'陈楠','李勇波',NULL,NULL,NULL,NULL,'2020-2021-2','松山湖'),(581,'数据结构课程设计','2','20','2','40','专项实践课','考查','计算机学院','2020级数据科学与大数据技术本科3',NULL,NULL,'李亨博','李勇波',NULL,NULL,NULL,NULL,'2020-2021-2','松山湖'),(582,'数据结构课程设计','2','20','2','40','专项实践课','考查','计算机学院','2020级数据科学与大数据技术本科4',NULL,NULL,'刘欣','李勇波',NULL,NULL,NULL,NULL,'2020-2021-2','松山湖'),(583,'数据结构课程设计','2','20','2','40','专项实践课','考查','计算机学院','2020级数据科学与大数据技术本科5',NULL,NULL,'高锦','李勇波',NULL,NULL,NULL,NULL,'2020-2021-2','松山湖'),(584,'数据结构课程设计','1','20','1','20','专项实践课','考查','计算机学院','2020级网络工程本科1',NULL,NULL,'张飞飞','张飞飞',NULL,NULL,NULL,NULL,'2020-2021-2','松山湖'),(585,'数据结构课程设计','1','20','1','20','专项实践课','考查','计算机学院','2020级网络工程本科2',NULL,NULL,'邱兹俏','张飞飞',NULL,NULL,NULL,NULL,'2020-2021-2','松山湖'),(586,'数据结构课程设计','2','20','2','40','专项实践课','考查','计算机学院','2020级物联网工程本科1',NULL,NULL,'谢备','孙梦琴',NULL,NULL,NULL,NULL,'2020-2021-2','松山湖'),(587,'数据结构课程设计','2','20','2','40','专项实践课','考查','计算机学院','2020级物联网工程本科2',NULL,NULL,'许伦辉','孙梦琴',NULL,NULL,NULL,NULL,'2020-2021-2','松山湖'),(588,'数据结构课程设计','2','20','2','40','专项实践课','考查','计算机学院','2020级物联网工程本科3',NULL,NULL,'孙梦琴','孙梦琴',NULL,NULL,NULL,NULL,'2020-2021-2','松山湖'),(589,'数据可视化','3.5','4','14','56','专业必修课','考试','计算机学院','2019级数据科学与大数据技术本科1',NULL,NULL,'赵博','赵博',NULL,NULL,'机房或云桌面',NULL,'2020-2021-2','松山湖'),(590,'数据可视化','3.5','4','14','56','专业必修课','考试','计算机学院','2019级数据科学与大数据技术本科2',NULL,NULL,'赵博','赵博',NULL,NULL,'机房或云桌面',NULL,'2020-2021-2','松山湖'),(591,'数据可视化','3.5','4','14','56','专业必修课','考试','计算机学院','2019级数据科学与大数据技术本科3',NULL,NULL,'赵博','赵博',NULL,NULL,'机房或云桌面',NULL,'2020-2021-2','松山湖'),(592,'数据可视化','3.5','4','14','56','专业必修课','考试','计算机学院','2019级数据科学与大数据技术本科4',NULL,NULL,'童涛','赵博',NULL,NULL,'机房或云桌面',NULL,'2020-2021-2','松山湖'),(593,'数据可视化','3.5','4','14','56','专业必修课','考试','计算机学院','2019级数据科学与大数据技术本科5',NULL,NULL,'童涛','赵博',NULL,NULL,'机房或云桌面',NULL,'2020-2021-2','松山湖'),(594,'数据可视化','3.5','4','14','56','专业必修课','考试','计算机学院','2019级数据科学与大数据技术本科6',NULL,NULL,'童涛','赵博',NULL,NULL,'机房或云桌面',NULL,'2020-2021-2','松山湖'),(595,'数据可视化课程设计','1','20','1','20','专项实践课','考查','计算机学院','2019级数据科学与大数据技术本科1',NULL,NULL,'赵博','赵博',NULL,NULL,NULL,NULL,'2020-2021-2','松山湖'),(596,'数据可视化课程设计','1','20','1','20','专项实践课','考查','计算机学院','2019级数据科学与大数据技术本科2',NULL,NULL,'赵博','赵博',NULL,NULL,NULL,NULL,'2020-2021-2','松山湖'),(597,'数据可视化课程设计','1','20','1','20','专项实践课','考查','计算机学院','2019级数据科学与大数据技术本科3',NULL,NULL,'赵博','赵博',NULL,NULL,NULL,NULL,'2020-2021-2','松山湖'),(598,'数据可视化课程设计','1','20','1','20','专项实践课','考查','计算机学院','2019级数据科学与大数据技术本科4',NULL,NULL,'童涛','赵博',NULL,NULL,NULL,NULL,'2020-2021-2','松山湖'),(599,'数据可视化课程设计','1','20','1','20','专项实践课','考查','计算机学院','2019级数据科学与大数据技术本科5',NULL,NULL,'童涛','赵博',NULL,NULL,NULL,NULL,'2020-2021-2','松山湖'),(600,'数据可视化课程设计','1','20','1','20','专项实践课','考查','计算机学院','2019级数据科学与大数据技术本科6',NULL,NULL,'童涛','赵博',NULL,NULL,NULL,NULL,'2020-2021-2','松山湖'),(601,'数据库课程设计','1','20','1','20','实训课','考查','计算机学院','2020级计算机应用技术专科1',NULL,NULL,'马一丹','马一丹',NULL,NULL,NULL,NULL,'2020-2021-2','松山湖'),(602,'数据库课程设计','1','20','1','20','实训课','考查','计算机学院','2020级计算机应用技术专科2',NULL,NULL,'袁叶倩','马一丹',NULL,NULL,NULL,NULL,'2020-2021-2','松山湖'),(603,'数据库课程设计','1','20','1','20','实训课','考查','计算机学院','2020级计算机应用技术专科3',NULL,NULL,'彭艳红','马一丹',NULL,NULL,NULL,NULL,'2020-2021-2','松山湖'),(604,'数据库课程设计','1','20','1','20','实训课','考查','计算机学院','2020级计算机应用技术专科4',NULL,NULL,'彭艳红','马一丹',NULL,NULL,NULL,NULL,'2020-2021-2','松山湖'),(605,'数据库课程设计','1','20','1','20','实训课','考查','计算机学院','2020级计算机应用技术专科5',NULL,NULL,'袁叶倩','马一丹',NULL,NULL,NULL,NULL,'2020-2021-2','松山湖'),(606,'数据库应用','4','4','16','64','基础必修课','考试','计算机学院','2020级计算机应用技术专科1',NULL,NULL,'马一丹','马一丹',NULL,NULL,'机房或云桌面',NULL,'2020-2021-2','松山湖'),(607,'数据库应用','4','4','16','64','基础必修课','考试','计算机学院','2020级计算机应用技术专科2',NULL,NULL,'马一丹','马一丹',NULL,NULL,'机房或云桌面',NULL,'2020-2021-2','松山湖'),(608,'数据库应用','4','4','16','64','基础必修课','考试','计算机学院','2020级计算机应用技术专科3',NULL,NULL,'彭艳红','马一丹',NULL,NULL,'机房或云桌面',NULL,'2020-2021-2','松山湖'),(609,'数据库应用','4','4','16','64','基础必修课','考试','计算机学院','2020级计算机应用技术专科4',NULL,NULL,'彭艳红','马一丹',NULL,NULL,'机房或云桌面',NULL,'2020-2021-2','松山湖'),(610,'数据库应用','4','4','16','64','基础必修课','考试','计算机学院','2020级计算机应用技术专科5',NULL,NULL,'马一丹','马一丹',NULL,NULL,'机房或云桌面',NULL,'2020-2021-2','松山湖'),(611,'数据库原理及应用','4','5','12','60','基础必修课','考查','计算机学院','2019级信息管理与信息系统本科1',NULL,NULL,'王雯','王雯',NULL,NULL,'机房或云桌面',NULL,'2020-2021-2','松山湖'),(612,'数据库原理及应用','4','5','12','60','基础必修课','考查','计算机学院','2019级信息管理与信息系统本科2',NULL,NULL,'王雯','王雯',NULL,NULL,'机房或云桌面',NULL,'2020-2021-2','松山湖'),(613,'数据库原理及应用课程设计','2','20','2','40','专项实践课','考查','计算机学院','2019级信息管理与信息系统本科1',NULL,NULL,'王雯','王雯',NULL,NULL,NULL,NULL,'2020-2021-2','松山湖'),(614,'数据库原理及应用课程设计','2','20','2','40','专项实践课','考查','计算机学院','2019级信息管理与信息系统本科2',NULL,NULL,'毕从娣','王雯',NULL,NULL,NULL,NULL,'2020-2021-2','松山湖'),(615,'数字电路基础','3','3','14','42','基础必修课','考试','计算机学院','2019级物联网工程本科1',NULL,NULL,'董世成','董世成',NULL,NULL,'L3-708',NULL,'2020-2021-2','松山湖'),(616,'数字电路基础','3','3','14','42','基础必修课','考试','计算机学院','2019级物联网工程本科2',NULL,NULL,'董世成','董世成',NULL,NULL,'L3-708',NULL,'2020-2021-2','松山湖'),(617,'数字电路基础','3','3','14','42','基础必修课','考试','计算机学院','2019级物联网工程本科3',NULL,NULL,'董世成','董世成',NULL,NULL,'L3-708',NULL,'2020-2021-2','松山湖'),(618,'数字电路课程设计','1','20','1','20','专项实践课','考查','计算机学院','2019级物联网工程本科1',NULL,NULL,'董世成','董世成',NULL,NULL,'L3-708',NULL,'2020-2021-2','松山湖'),(619,'数字电路课程设计','1','20','1','20','专项实践课','考查','计算机学院','2019级物联网工程本科2',NULL,NULL,'董世成','董世成',NULL,NULL,'L3-708',NULL,'2020-2021-2','松山湖'),(620,'数字电路课程设计','1','20','1','20','专项实践课','考查','计算机学院','2019级物联网工程本科3',NULL,NULL,'董世成','董世成',NULL,NULL,'L3-708',NULL,'2020-2021-2','松山湖'),(621,'统一建模课程设计','1','20','1','20','专项实践课','考查','计算机学院','2019级软件工程本科1',NULL,NULL,'袁博','张一萱',NULL,NULL,NULL,NULL,'2020-2021-2','松山湖'),(622,'统一建模课程设计','1','20','1','20','专项实践课','考查','计算机学院','2019级软件工程本科10',NULL,NULL,'张一萱','张一萱',NULL,NULL,NULL,NULL,'2020-2021-2','松山湖'),(623,'统一建模课程设计','1','20','1','20','专项实践课','考查','计算机学院','2019级软件工程本科11',NULL,NULL,'张一萱','张一萱',NULL,NULL,NULL,NULL,'2020-2021-2','松山湖'),(624,'统一建模课程设计','1','20','1','20','专项实践课','考查','计算机学院','2019级软件工程本科12',NULL,NULL,'张一萱','张一萱',NULL,NULL,NULL,NULL,'2020-2021-2','松山湖'),(625,'统一建模课程设计','1','20','1','20','专项实践课','考查','计算机学院','2019级软件工程本科2',NULL,NULL,'袁博','张一萱',NULL,NULL,NULL,NULL,'2020-2021-2','松山湖'),(626,'统一建模课程设计','1','20','1','20','专项实践课','考查','计算机学院','2019级软件工程本科3',NULL,NULL,'袁博','张一萱',NULL,NULL,NULL,NULL,'2020-2021-2','松山湖'),(627,'统一建模课程设计','1','20','1','20','专项实践课','考查','计算机学院','2019级软件工程本科4',NULL,NULL,'罗冬梅','张一萱',NULL,NULL,NULL,NULL,'2020-2021-2','松山湖'),(628,'统一建模课程设计','1','20','1','20','专项实践课','考查','计算机学院','2019级软件工程本科5',NULL,NULL,'罗冬梅','张一萱',NULL,NULL,NULL,NULL,'2020-2021-2','松山湖'),(629,'统一建模课程设计','1','20','1','20','专项实践课','考查','计算机学院','2019级软件工程本科6',NULL,NULL,'罗冬梅','张一萱',NULL,NULL,NULL,NULL,'2020-2021-2','松山湖'),(630,'统一建模课程设计','1','20','1','20','专项实践课','考查','计算机学院','2019级软件工程本科7',NULL,NULL,'陈灵丽','张一萱',NULL,NULL,NULL,NULL,'2020-2021-2','松山湖'),(631,'统一建模课程设计','1','20','1','20','专项实践课','考查','计算机学院','2019级软件工程本科8',NULL,NULL,'陈灵丽','张一萱',NULL,NULL,NULL,NULL,'2020-2021-2','松山湖'),(632,'统一建模课程设计','1','20','1','20','专项实践课','考查','计算机学院','2019级软件工程本科9',NULL,NULL,'陈灵丽','张一萱',NULL,NULL,NULL,NULL,'2020-2021-2','松山湖'),(633,'统一建模语言','2','3','11','33','任选课','考查','计算机学院','2018级软件工程插本1、2、3、4、5',NULL,'6+7+14+8+7','张一萱','张一萱',NULL,NULL,'机房或云桌面',NULL,'2020-2021-2','松山湖'),(634,'统一建模语言','2','3','11','33','任选课','考查','计算机学院','2018级软件工程插本6、7、8',NULL,'17+4+17','张一萱','张一萱',NULL,NULL,'机房或云桌面',NULL,'2020-2021-2','松山湖'),(635,'统一建模语言','3','3','14','42','基础必修课','考试','计算机学院','2019级软件工程本科1',NULL,NULL,'马光','张一萱',NULL,NULL,'机房或云桌面',NULL,'2020-2021-2','松山湖'),(636,'统一建模语言','3','3','14','42','基础必修课','考试','计算机学院','2019级软件工程本科10',NULL,NULL,'陈灵丽','张一萱',NULL,NULL,'机房或云桌面',NULL,'2020-2021-2','松山湖'),(637,'统一建模语言','3','3','14','42','基础必修课','考试','计算机学院','2019级软件工程本科11',NULL,NULL,'张一萱','张一萱',NULL,NULL,'机房或云桌面',NULL,'2020-2021-2','松山湖'),(638,'统一建模语言','3','3','14','42','基础必修课','考试','计算机学院','2019级软件工程本科12',NULL,NULL,'张一萱','张一萱',NULL,NULL,'机房或云桌面',NULL,'2020-2021-2','松山湖'),(639,'统一建模语言','3','3','14','42','基础必修课','考试','计算机学院','2019级软件工程本科2',NULL,NULL,'马光','张一萱',NULL,NULL,'机房或云桌面',NULL,'2020-2021-2','松山湖'),(640,'统一建模语言','3','3','14','42','基础必修课','考试','计算机学院','2019级软件工程本科3',NULL,NULL,'罗冬梅','张一萱',NULL,NULL,'机房或云桌面',NULL,'2020-2021-2','松山湖'),(641,'统一建模语言','3','3','14','42','基础必修课','考试','计算机学院','2019级软件工程本科4',NULL,NULL,'罗冬梅','张一萱',NULL,NULL,'机房或云桌面',NULL,'2020-2021-2','松山湖'),(642,'统一建模语言','3','3','14','42','基础必修课','考试','计算机学院','2019级软件工程本科5',NULL,NULL,'罗冬梅','张一萱',NULL,NULL,'机房或云桌面',NULL,'2020-2021-2','松山湖'),(643,'统一建模语言','3','3','14','42','基础必修课','考试','计算机学院','2019级软件工程本科6',NULL,NULL,'罗冬梅','张一萱',NULL,NULL,'机房或云桌面',NULL,'2020-2021-2','松山湖'),(644,'统一建模语言','3','3','14','42','基础必修课','考试','计算机学院','2019级软件工程本科7',NULL,NULL,'陈灵丽','张一萱',NULL,NULL,'机房或云桌面',NULL,'2020-2021-2','松山湖'),(645,'统一建模语言','3','3','14','42','基础必修课','考试','计算机学院','2019级软件工程本科8',NULL,NULL,'陈灵丽','张一萱',NULL,NULL,'机房或云桌面',NULL,'2020-2021-2','松山湖'),(646,'统一建模语言','3','3','14','42','基础必修课','考试','计算机学院','2019级软件工程本科9',NULL,NULL,'陈灵丽','张一萱',NULL,NULL,'机房或云桌面',NULL,'2020-2021-2','松山湖'),(647,'网络工程','4','4','16','64','必修课','考试','计算机学院','2019级计算机网络技术专科1',NULL,NULL,'李冬婷','李冬婷',NULL,NULL,'多媒体',NULL,'2020-2021-2','松山湖'),(648,'网络工程','4','4','16','64','必修课','考试','计算机学院','2019级计算机网络技术专科2',NULL,NULL,'李冬婷','李冬婷',NULL,NULL,'多媒体',NULL,'2020-2021-2','松山湖'),(649,'网络互联技术','3','3','14','42','专业必修课','考试','计算机学院','2019级网络工程本科1',NULL,NULL,'何宗刚','何宗刚',NULL,NULL,'L3-611',NULL,'2020-2021-2','松山湖'),(650,'网络互联技术','3','3','14','42','专业必修课','考试','计算机学院','2019级网络工程本科2',NULL,NULL,'何宗刚','何宗刚',NULL,NULL,'L3-611',NULL,'2020-2021-2','松山湖'),(651,'网络互联技术课程设计','2','20','2','40','专项实践课','考查','计算机学院','2019级网络工程本科1',NULL,NULL,'何宗刚','何宗刚',NULL,NULL,NULL,NULL,'2020-2021-2','松山湖'),(652,'网络互联技术课程设计','2','20','2','40','专项实践课','考查','计算机学院','2019级网络工程本科2',NULL,NULL,'何宗刚','何宗刚',NULL,NULL,NULL,NULL,'2020-2021-2','松山湖'),(653,'网络运行与维护','2','2','16','32','必修课','考试','计算机学院','2019级计算机网络技术专科1',NULL,NULL,'李丁','李丁',NULL,NULL,'L3-611',NULL,'2020-2021-2','松山湖'),(654,'网络运行与维护','2','2','16','32','必修课','考试','计算机学院','2019级计算机网络技术专科2',NULL,NULL,'李丁','李丁',NULL,NULL,'L3-611',NULL,'2020-2021-2','松山湖'),(655,'网络运行与维护实践','1','20','1','20','实训课','考查','计算机学院','2019级计算机网络技术专科1',NULL,NULL,'李丁','李丁',NULL,NULL,NULL,NULL,'2020-2021-2','松山湖'),(656,'网络运行与维护实践','1','20','1','20','实训课','考查','计算机学院','2019级计算机网络技术专科2',NULL,NULL,'李丁','李丁',NULL,NULL,NULL,NULL,'2020-2021-2','松山湖'),(657,'网页设计','2','3','11','33','任选课','考查','计算机学院','2019级信息管理与信息系统本科1',NULL,'58','陈银星','陈银星',NULL,NULL,'机房或云桌面',NULL,'2020-2021-2','松山湖'),(658,'网页设计','2','3','11','33','任选课','考查','计算机学院','2019级信息管理与信息系统本科2',NULL,'54','陈银星','陈银星',NULL,NULL,'机房或云桌面',NULL,'2020-2021-2','松山湖'),(659,'网页设计','2','2','15','30','任选课','考查','计算机学院','2020级数据科学与大数据技术本科1',NULL,'33','朱富裕','陈银星',NULL,NULL,'机房或云桌面',NULL,'2020-2021-2','松山湖'),(660,'网页设计','2','2','15','30','任选课','考查','计算机学院','2020级数据科学与大数据技术本科2',NULL,'44','朱富裕','陈银星',NULL,NULL,'机房或云桌面',NULL,'2020-2021-2','松山湖'),(661,'网页设计','2','2','15','30','任选课','考查','计算机学院','2020级数据科学与大数据技术本科3',NULL,'49','朱富裕','陈银星',NULL,NULL,'机房或云桌面',NULL,'2020-2021-2','松山湖'),(662,'网页设计','2','2','15','30','任选课','考查','计算机学院','2020级数据科学与大数据技术本科4、5',NULL,'20+33','朱富裕','陈银星',NULL,NULL,'机房或云桌面',NULL,'2020-2021-2','松山湖'),(663,'微机原理与接口技术','3','3','14','42','基础必修课','考试','计算机学院','2019级物联网工程本科1',NULL,NULL,'刘欣','刘欣',NULL,NULL,'L3-610',NULL,'2020-2021-2','松山湖'),(664,'微机原理与接口技术','3','3','14','42','基础必修课','考试','计算机学院','2019级物联网工程本科2',NULL,NULL,'刘欣','刘欣',NULL,NULL,'L3-610',NULL,'2020-2021-2','松山湖'),(665,'微机原理与接口技术','3','3','14','42','基础必修课','考试','计算机学院','2019级物联网工程本科3',NULL,NULL,'刘欣','刘欣',NULL,NULL,'L3-610',NULL,'2020-2021-2','松山湖'),(666,'微机原理与接口技术专项实验','1','20','1','20','专项实践课','考查','计算机学院','2019级物联网工程本科1',NULL,NULL,'刘欣','刘欣',NULL,NULL,NULL,NULL,'2020-2021-2','松山湖'),(667,'微机原理与接口技术专项实验','1','20','1','20','专项实践课','考查','计算机学院','2019级物联网工程本科2',NULL,NULL,'刘欣','刘欣',NULL,NULL,NULL,NULL,'2020-2021-2','松山湖'),(668,'微机原理与接口技术专项实验','1','20','1','20','专项实践课','考查','计算机学院','2019级物联网工程本科3',NULL,NULL,'刘欣','刘欣',NULL,NULL,NULL,NULL,'2020-2021-2','松山湖'),(669,'微信程序开发','3','3','15','45','专业限选课','考查','计算机学院','2019级计算机网络技术专科1',NULL,'40','罗擎忆','罗擎忆',NULL,NULL,'机房或云桌面',NULL,'2020-2021-2','松山湖'),(670,'微信程序开发','3','3','15','45','专业限选课','考查','计算机学院','2019级计算机网络技术专科2',NULL,'45','罗擎忆','罗擎忆',NULL,NULL,'机房或云桌面',NULL,'2020-2021-2','松山湖'),(671,'微信平台开发','2','3','11','33','任选课','考查','计算机学院','2018级软件工程插本1',NULL,'43','罗擎忆','苏文龙',NULL,NULL,'机房或云桌面',NULL,'2020-2021-2','松山湖'),(672,'微信平台开发','2','3','11','33','任选课','考查','计算机学院','2018级软件工程插本2',NULL,'42','罗擎忆','苏文龙',NULL,NULL,'机房或云桌面',NULL,'2020-2021-2','松山湖'),(673,'微信平台开发','2','3','11','33','任选课','考查','计算机学院','2018级软件工程插本3',NULL,'45','罗擎忆','苏文龙',NULL,NULL,'机房或云桌面',NULL,'2020-2021-2','松山湖'),(674,'微信平台开发','2','3','11','33','任选课','考查','计算机学院','2018级软件工程插本4',NULL,'47','苏文龙','苏文龙',NULL,NULL,'机房或云桌面',NULL,'2020-2021-2','松山湖'),(675,'微信平台开发','2','3','11','33','任选课','考查','计算机学院','2018级软件工程插本5',NULL,'49','苏文龙','苏文龙',NULL,NULL,'机房或云桌面',NULL,'2020-2021-2','松山湖'),(676,'微信平台开发','2','3','11','33','任选课','考查','计算机学院','2018级软件工程插本6',NULL,'40','黄桂花','苏文龙',NULL,NULL,'机房或云桌面',NULL,'2020-2021-2','松山湖'),(677,'微信平台开发','2','3','11','33','任选课','考查','计算机学院','2018级软件工程插本7',NULL,'52','黄桂花','苏文龙',NULL,NULL,'机房或云桌面',NULL,'2020-2021-2','松山湖'),(678,'微信平台开发','2','3','11','33','任选课','考查','计算机学院','2018级软件工程插本8',NULL,'40','黄桂花','苏文龙',NULL,NULL,'机房或云桌面',NULL,'2020-2021-2','松山湖'),(679,'项目管理','2','3','11','33','任选课','考查','计算机学院','2019级网络工程本科1、2',NULL,'22+19','陈婧','陈婧',NULL,NULL,'多媒体',NULL,'2020-2021-2','松山湖'),(680,'音视频编辑与处理','4','4','15','60','基础必修课','考查','计算机学院','2019级计算机应用技术专科1',NULL,NULL,'廖晖彤','廖晖彤',NULL,NULL,'机房或云桌面',NULL,'2020-2021-2','松山湖'),(681,'音视频编辑与处理','4','4','15','60','基础必修课','考查','计算机学院','2019级计算机应用技术专科2',NULL,NULL,'廖晖彤','廖晖彤',NULL,NULL,'机房或云桌面',NULL,'2020-2021-2','松山湖'),(682,'音视频编辑与处理','4','4','15','60','基础必修课','考查','计算机学院','2019级计算机应用技术专科3',NULL,NULL,'廖晖彤','廖晖彤',NULL,NULL,'机房或云桌面',NULL,'2020-2021-2','松山湖'),(683,'音视频编辑与处理','4','4','15','60','基础必修课','考查','计算机学院','2019级计算机应用技术专科4',NULL,NULL,'廖晖彤','廖晖彤',NULL,NULL,'机房或云桌面',NULL,'2020-2021-2','松山湖'),(684,'音视频编辑与处理','4','4','15','60','基础必修课','考查','计算机学院','2019级计算机应用技术专科5',NULL,NULL,'李姗姗','廖晖彤',NULL,NULL,'机房或云桌面',NULL,'2020-2021-2','松山湖'),(685,'云计算技术','2','3','11','33','任选课','考查','计算机学院','2019级物联网工程本科1',NULL,'26','李亚楠','李亚楠',NULL,NULL,'多媒体',NULL,'2020-2021-2','松山湖'),(686,'云计算技术','2','3','11','33','任选课','考查','计算机学院','2019级物联网工程本科2',NULL,'37','李亚楠','李亚楠',NULL,NULL,'多媒体',NULL,'2020-2021-2','松山湖'),(687,'云计算技术','2','3','11','33','任选课','考查','计算机学院','2019级物联网工程本科3',NULL,'33','李亚楠','李亚楠',NULL,NULL,'多媒体',NULL,'2020-2021-2','松山湖'),(688,'专业英语','2','2','13','26','任选课','考查','计算机学院','2019级数据科学与大数据技术本科1',NULL,'39','彭艳红','彭艳红',NULL,NULL,'多媒体',NULL,'2020-2021-2','松山湖'),(689,'专业英语','2','2','13','26','任选课','考查','计算机学院','2019级数据科学与大数据技术本科2、3',NULL,'19+26','彭艳红','彭艳红',NULL,NULL,'多媒体',NULL,'2020-2021-2','松山湖'),(690,'专业英语','2','2','13','26','任选课','考查','计算机学院','2019级数据科学与大数据技术本科4、5、6',NULL,'16+19+4','彭艳红','彭艳红',NULL,NULL,'多媒体',NULL,'2020-2021-2','松山湖');

/*Table structure for table `sky` */

DROP TABLE IF EXISTS `sky`;

CREATE TABLE `sky` (
  `skyid` int(11) NOT NULL AUTO_INCREMENT,
  `登记日期` date DEFAULT NULL,
  `birdid` int(11) DEFAULT NULL,
  PRIMARY KEY (`skyid`)
) ENGINE=InnoDB AUTO_INCREMENT=6 DEFAULT CHARSET=utf8;

/*Data for the table `sky` */

insert  into `sky`(`skyid`,`登记日期`,`birdid`) values (1,'2021-03-31',1),(2,'2021-03-31',2),(3,'2021-03-30',2),(4,'2021-03-29',3),(5,'2021-03-31',4);

/*Table structure for table `t_account` */

DROP TABLE IF EXISTS `t_account`;

CREATE TABLE `t_account` (
  `id` int(11) NOT NULL,
  `username` varchar(50) NOT NULL,
  `balance` double NOT NULL
) ENGINE=InnoDB DEFAULT CHARSET=utf8 COMMENT='账户表';

/*Data for the table `t_account` */

insert  into `t_account`(`id`,`username`,`balance`) values (2,'joy',100),(3,'Jack',1800),(4,'Rose',700),(5,'tom',1000),(6,'tom',1000),(7,'tom',1000),(8,'tom',1000),(9,'tom',1000),(10,'tom',1000),(11,'tom',1000),(12,'tom',1000),(13,'tom',1000),(14,'tom',1000),(15,'tom',1000),(16,'tom',1000);

/*Table structure for table `t_customer` */

DROP TABLE IF EXISTS `t_customer`;

CREATE TABLE `t_customer` (
  `id` int(11) NOT NULL AUTO_INCREMENT,
  `username` varchar(50) DEFAULT NULL,
  `jobs` varchar(50) DEFAULT NULL,
  `phone` varchar(16) DEFAULT NULL,
  PRIMARY KEY (`id`)
) ENGINE=InnoDB AUTO_INCREMENT=8 DEFAULT CHARSET=utf8;

/*Data for the table `t_customer` */

insert  into `t_customer`(`id`,`username`,`jobs`,`phone`) values (1,'joy','doctor','13745874578'),(2,'jack','teachere','13521210112'),(3,'tom','worker','13311111234'),(5,'rose','student','13333533092'),(6,'rose','student','13333533092'),(7,'rose','student','13333533092');

/*Table structure for table `t_user` */

DROP TABLE IF EXISTS `t_user`;

CREATE TABLE `t_user` (
  `t_id` int(11) NOT NULL AUTO_INCREMENT,
  `t_name` varchar(50) NOT NULL,
  `t_age` int(11) NOT NULL,
  PRIMARY KEY (`t_id`)
) ENGINE=InnoDB AUTO_INCREMENT=4 DEFAULT CHARSET=utf8;

/*Data for the table `t_user` */

insert  into `t_user`(`t_id`,`t_name`,`t_age`) values (1,'Lucy',25),(2,'Lili',20),(3,'Jim',20);

/*Table structure for table `tb_idcard` */

DROP TABLE IF EXISTS `tb_idcard`;

CREATE TABLE `tb_idcard` (
  `id` int(11) NOT NULL AUTO_INCREMENT,
  `CODE` varchar(18) DEFAULT NULL,
  PRIMARY KEY (`id`)
) ENGINE=InnoDB AUTO_INCREMENT=3 DEFAULT CHARSET=utf8;

/*Data for the table `tb_idcard` */

insert  into `tb_idcard`(`id`,`CODE`) values (1,'152221198711020624'),(2,'152201199008150317');

/*Table structure for table `tb_orders` */

DROP TABLE IF EXISTS `tb_orders`;

CREATE TABLE `tb_orders` (
  `id` int(32) NOT NULL,
  `number` varchar(32) NOT NULL,
  `user_id` int(32) NOT NULL
) ENGINE=InnoDB DEFAULT CHARSET=utf8;

/*Data for the table `tb_orders` */

insert  into `tb_orders`(`id`,`number`,`user_id`) values (1,'11000011',1),(2,'11000012',2),(3,'11000013',3);

/*Table structure for table `tb_ordersitem` */

DROP TABLE IF EXISTS `tb_ordersitem`;

CREATE TABLE `tb_ordersitem` (
  `id` int(32) NOT NULL,
  `orders_id` int(32) DEFAULT NULL,
  `product_id` int(32) DEFAULT NULL
) ENGINE=InnoDB DEFAULT CHARSET=utf8;

/*Data for the table `tb_ordersitem` */

insert  into `tb_ordersitem`(`id`,`orders_id`,`product_id`) values (1,1,1),(2,1,3),(3,3,3);

/*Table structure for table `tb_person` */

DROP TABLE IF EXISTS `tb_person`;

CREATE TABLE `tb_person` (
  `id` int(11) NOT NULL AUTO_INCREMENT,
  `name` varchar(32) DEFAULT NULL,
  `age` int(11) DEFAULT NULL,
  `sex` varchar(8) DEFAULT NULL,
  `card_id` int(11) DEFAULT NULL,
  PRIMARY KEY (`id`),
  UNIQUE KEY `card_id` (`card_id`),
  CONSTRAINT `tb_person_ibfk_1` FOREIGN KEY (`card_id`) REFERENCES `tb_idcard` (`id`)
) ENGINE=InnoDB AUTO_INCREMENT=3 DEFAULT CHARSET=utf8;

/*Data for the table `tb_person` */

insert  into `tb_person`(`id`,`name`,`age`,`sex`,`card_id`) values (1,'Rose',29,'女',1),(2,'tom',27,'男',2);

/*Table structure for table `tb_product` */

DROP TABLE IF EXISTS `tb_product`;

CREATE TABLE `tb_product` (
  `id` int(32) NOT NULL AUTO_INCREMENT,
  `NAME` varchar(32) DEFAULT NULL,
  `price` double DEFAULT NULL,
  PRIMARY KEY (`id`)
) ENGINE=InnoDB AUTO_INCREMENT=4 DEFAULT CHARSET=utf8;

/*Data for the table `tb_product` */

insert  into `tb_product`(`id`,`NAME`,`price`) values (1,'Java 基础入门',44.5),(2,'Java Web程序开发入门',38.5),(3,'SSM 框架整合实战',50);

/*Table structure for table `tb_user` */

DROP TABLE IF EXISTS `tb_user`;

CREATE TABLE `tb_user` (
  `id` int(32) NOT NULL AUTO_INCREMENT,
  `username` varchar(32) DEFAULT NULL,
  `address` varchar(256) DEFAULT NULL,
  PRIMARY KEY (`id`)
) ENGINE=InnoDB AUTO_INCREMENT=2 DEFAULT CHARSET=utf8;

/*Data for the table `tb_user` */

insert  into `tb_user`(`id`,`username`,`address`) values (1,'詹姆斯','克利夫兰');

/*Table structure for table `teacher` */

DROP TABLE IF EXISTS `teacher`;

CREATE TABLE `teacher` (
  `id` int(11) NOT NULL AUTO_INCREMENT,
  `jobno` varchar(20) DEFAULT NULL,
  `username` varchar(20) DEFAULT NULL,
  `age` int(11) DEFAULT NULL,
  `mobile` varchar(20) DEFAULT NULL,
  PRIMARY KEY (`id`)
) ENGINE=InnoDB AUTO_INCREMENT=2 DEFAULT CHARSET=utf8;

/*Data for the table `teacher` */

insert  into `teacher`(`id`,`jobno`,`username`,`age`,`mobile`) values (1,'001','Tom',18,'13312345678');

/*!40101 SET SQL_MODE=@OLD_SQL_MODE */;
/*!40014 SET FOREIGN_KEY_CHECKS=@OLD_FOREIGN_KEY_CHECKS */;
/*!40014 SET UNIQUE_CHECKS=@OLD_UNIQUE_CHECKS */;
/*!40111 SET SQL_NOTES=@OLD_SQL_NOTES */;
